FIPS,SVI,E_TOTPOP,narcan_site_count,narcan_per_1000,narcan_per_1000_log,RPL_THEME1,RPL_THEME2,RPL_THEME3,RPL_THEME4
27085950700,0.8811,5839.0,0.0,0.0,0.0,0.6493,0.9506,0.571,0.9412
27017070200,0.7862,4372.0,0.0,0.0,0.0,0.8283,0.7989,0.3689,0.6807
27017070600,0.6119,3210.0,0.0,0.0,0.0,0.5725,0.7188,0.0761,0.7121
27017070100,0.7635,5411.0,0.0,0.0,0.0,0.8236,0.8377,0.2422,0.6486
27017070300,0.0541,5586.0,0.0,0.0,0.0,0.0902,0.2131,0.0434,0.1015
27017940000,0.9138,3097.0,0.0,0.0,0.0,0.8737,0.8277,0.9139,0.8838
27021960301,0.4415,1014.0,0.0,0.0,0.0,0.6927,0.1663,0.3235,0.4108
27059130302,0.6526,2680.0,0.0,0.0,0.0,0.7355,0.507,0.2168,0.6787
27059130501,0.3627,5521.0,0.0,0.0,0.0,0.7268,0.0868,0.062,0.344
27081201002,0.5631,2585.0,0.0,0.0,0.0,0.666,0.5244,0.1828,0.5237
27081201001,0.5524,3045.0,0.0,0.0,0.0,0.5411,0.7462,0.062,0.5625
27103480502,0.6393,3512.0,0.0,0.0,0.0,0.3434,0.8557,0.4683,0.7675
27111960102,0.163,2726.0,0.0,0.0,0.0,0.2131,0.0775,0.2055,0.3053
27141030504,0.0274,5447.0,0.0,0.0,0.0,0.0354,0.0802,0.1354,0.1169
27145000402,0.1176,5723.0,0.0,0.0,0.0,0.2612,0.0615,0.2382,0.1743
27015960102,0.7415,1276.0,0.0,0.0,0.0,0.7134,0.8918,0.4089,0.5464
27159480100,0.7482,3250.0,0.0,0.0,0.0,0.682,0.6807,0.1801,0.9152
27159480300,0.9593,5321.0,0.0,0.0,0.0,0.9152,0.9419,0.2422,0.9886
27159480200,0.7589,5537.0,0.0,0.0,0.0,0.6987,0.7415,0.3209,0.857
27107960300,0.7735,2255.0,0.0,0.0,0.0,0.7388,0.7074,0.3989,0.8397
27107960200,0.7889,1668.0,0.0,0.0,0.0,0.8176,0.5925,0.5284,0.8183
27107960100,0.6433,2534.0,0.0,0.0,0.0,0.5965,0.7642,0.2842,0.654
27007450500,0.6259,1814.0,0.0,0.0,0.0,0.7315,0.33,0.4503,0.6226
27007450300,0.5084,4570.0,0.0,0.0,0.0,0.5104,0.5164,0.433,0.5043
27037060841,0.159,3354.0,0.0,0.0,0.0,0.3273,0.318,0.493,0.0294
27037060836,0.4496,5270.0,0.0,0.0,0.0,0.2639,0.5137,0.8185,0.509
27037060835,0.0822,5682.0,0.0,0.0,0.0,0.1022,0.3801,0.3809,0.0481
27037060837,0.3373,5290.0,0.0,0.0,0.0,0.2278,0.322,0.6478,0.4402
27037060830,0.2004,3149.0,0.0,0.0,0.0,0.1637,0.6132,0.7211,0.0641
27037061110,0.2879,3365.0,0.0,0.0,0.0,0.2084,0.5317,0.2949,0.3313
27147960400,0.9305,4482.0,1.0,0.22311468094600623,0.20140062250185878,0.8557,0.7782,0.7825,0.9833
27147960500,0.1276,2737.0,0.0,0.0,0.0,0.2572,0.1209,0.1588,0.1597
27147960700,0.4015,5741.0,0.0,0.0,0.0,0.4382,0.6433,0.2295,0.3267
27147960300,0.6313,5792.0,0.0,0.0,0.0,0.4409,0.8898,0.5437,0.5411
27147960800,0.7575,3654.0,0.0,0.0,0.0,0.6787,0.8604,0.4616,0.7355
27147960600,0.853,3969.0,1.0,0.2519526329050139,0.22470443881925525,0.8925,0.6239,0.443,0.8651
27147960100,0.6954,5046.0,0.0,0.0,0.0,0.6934,0.7128,0.6611,0.5251
27147960200,0.1409,5975.0,0.0,0.0,0.0,0.1296,0.35,0.0761,0.2051
27171100500,0.3474,4830.0,0.0,0.0,0.0,0.2178,0.7949,0.034,0.4048
27171100300,0.1904,5663.0,0.0,0.0,0.0,0.1964,0.3133,0.0981,0.2552
27163071209,0.0942,5906.0,0.0,0.0,0.0,0.0367,0.495,0.6184,0.0615
27163071102,0.0361,4759.0,0.0,0.0,0.0,0.0655,0.0621,0.2055,0.1129
27163070403,0.2024,3803.0,0.0,0.0,0.0,0.0995,0.3727,0.1301,0.4135
27027020500,0.2659,4951.0,0.0,0.0,0.0,0.2759,0.1944,0.1207,0.4542
27043460600,0.5337,2596.0,0.0,0.0,0.0,0.5117,0.7321,0.3936,0.4269
27043460200,0.7361,2092.0,0.0,0.0,0.0,0.7408,0.6286,0.535,0.7134
27043460300,0.3507,1798.0,0.0,0.0,0.0,0.4128,0.4923,0.2055,0.3333
27043460100,0.2979,1852.0,0.0,0.0,0.0,0.5391,0.3287,0.046,0.2131
27043460500,0.5992,2382.0,0.0,0.0,0.0,0.7695,0.8063,0.2455,0.2639
27043460400,0.672,3211.0,0.0,0.0,0.0,0.7662,0.6867,0.493,0.4516
27027020600,0.682,3855.0,0.0,0.0,0.0,0.7495,0.4489,0.4877,0.684
27113090100,0.3727,2297.0,0.0,0.0,0.0,0.4035,0.4616,0.2842,0.4075
27113090200,0.664,2366.0,0.0,0.0,0.0,0.4509,0.5825,0.6117,0.8704
27113090500,0.6907,3969.0,0.0,0.0,0.0,0.4729,0.7822,0.3489,0.8711
27113090300,0.1222,2182.0,0.0,0.0,0.0,0.1677,0.143,0.1828,0.2077
27113090400,0.5538,3181.0,0.0,0.0,0.0,0.4095,0.5544,0.2949,0.7923
27163070103,0.7909,5598.0,0.0,0.0,0.0,0.7462,0.7816,0.6911,0.7188
27163070104,0.6713,3235.0,0.0,0.0,0.0,0.7943,0.7502,0.5617,0.3367
27163070204,0.0441,6285.0,0.0,0.0,0.0,0.0448,0.1396,0.3142,0.1162
27163070205,0.2011,3965.0,0.0,0.0,0.0,0.0822,0.3293,0.028,0.4977
27163070301,0.006,1788.0,0.0,0.0,0.0,0.01,0.1142,0.1828,0.0281
27163070303,0.2926,4978.0,0.0,0.0,0.0,0.177,0.6486,0.3863,0.2832
27163070304,0.4155,4871.0,0.0,0.0,0.0,0.4322,0.6413,0.0981,0.4282
27027030106,0.4556,2126.0,0.0,0.0,0.0,0.2692,0.6319,0.459,0.5979
27163071014,0.0641,4424.0,0.0,0.0,0.0,0.0314,0.2973,0.5977,0.0601
27163070801,-999.0,1211.0,0.0,0.0,0.0,-999.0,-999.0,0.9646,-999.0
27163070105,0.0281,4414.0,0.0,0.0,0.0,0.2345,0.0421,0.1748,0.0174
27163070206,0.0094,3388.0,0.0,0.0,0.0,0.006,0.0848,0.1147,0.0661
27163070405,0.1122,5161.0,0.0,0.0,0.0,0.0174,0.3153,0.2842,0.2872
27163070406,0.3781,6700.0,0.0,0.0,0.0,0.352,0.3794,0.5684,0.4001
27163070703,0.5818,3270.0,0.0,0.0,0.0,0.4355,0.819,0.439,0.5618
27163070704,0.4222,2691.0,0.0,0.0,0.0,0.5344,0.4302,0.1448,0.4315
27163070802,-999.0,413.0,0.0,0.0,0.0,-999.0,-999.0,0.9653,-999.0
27163070906,0.5711,4831.0,0.0,0.0,0.0,0.5671,0.835,0.7939,0.2358
27163070907,0.9005,6212.0,0.0,0.0,0.0,0.8764,0.5665,0.8472,0.9619
27163070501,0.2218,3063.0,0.0,0.0,0.0,0.1523,0.2184,0.2268,0.4262
27163070502,0.3267,4726.0,0.0,0.0,0.0,0.2866,0.1376,0.3836,0.6146
27163070602,0.1169,2890.0,0.0,0.0,0.0,0.0688,0.7649,0.4216,0.0354
27163070909,0.3033,5187.0,0.0,0.0,0.0,0.5043,0.2999,0.8065,0.0962
27067770900,0.7088,2352.0,0.0,0.0,0.0,0.4676,0.8484,0.6051,0.7829
27067781100,0.4629,2906.0,0.0,0.0,0.0,0.4402,0.5037,0.2115,0.5885
27067780200,0.1349,2253.0,0.0,0.0,0.0,0.1597,0.2418,0.0133,0.2285
27067780700,0.8544,4584.0,0.0,0.0,0.0,0.7949,0.9512,0.8432,0.5698
27067780100,0.189,2631.0,0.0,0.0,0.0,0.2725,0.3674,0.0187,0.179
27067780600,0.2946,4718.0,0.0,0.0,0.0,0.1984,0.5598,0.3616,0.3253
27067780500,0.996,5849.0,0.0,0.0,0.0,0.9579,0.9947,0.928,0.9967
27067781200,0.4362,2896.0,0.0,0.0,0.0,0.4836,0.523,0.1995,0.4409
27067781000,0.8938,5069.0,0.0,0.0,0.0,0.7649,0.9519,0.7345,0.8457
27067780400,0.4716,3608.0,0.0,0.0,0.0,0.4055,0.5217,0.2168,0.6333
27067780300,0.2725,4171.0,0.0,0.0,0.0,0.147,0.684,0.0927,0.3647
27067780800,0.9739,2649.0,0.0,0.0,0.0,0.9933,0.9025,0.926,0.8477
27037060101,0.5611,3600.0,0.0,0.0,0.0,0.5691,0.4997,0.8419,0.4235
27119020400,0.2966,2290.0,0.0,0.0,0.0,0.322,0.3828,0.3689,0.2719
27079950102,0.1289,4135.0,0.0,0.0,0.0,0.3367,0.1116,0.0434,0.1309
27079950101,0.1069,3600.0,0.0,0.0,0.0,0.1463,0.5645,0.046,0.0655
27013170900,0.3293,3067.0,0.0,0.0,0.0,0.3233,0.4482,0.0801,0.4462
27013170100,0.3006,5519.0,0.0,0.0,0.0,0.2305,0.5478,0.3382,0.326
27013171300,0.1156,3860.0,0.0,0.0,0.0,0.1436,0.3808,0.1955,0.1109
27013171500,0.1951,2549.0,0.0,0.0,0.0,0.2518,0.3768,0.058,0.1897
27013171000,0.4055,3285.0,0.0,0.0,0.0,0.358,0.7094,0.1021,0.4248
27013170300,0.7401,3408.0,0.0,0.0,0.0,0.6981,0.5698,0.5437,0.823
27013170200,0.5404,8243.0,0.0,0.0,0.0,0.4102,0.334,0.2949,0.8631
27013170600,0.9011,2214.0,0.0,0.0,0.0,0.9593,0.5023,0.7385,0.9085
27013171400,0.4763,3491.0,0.0,0.0,0.0,0.4997,0.3661,0.3489,0.5551
27013170800,0.3674,4693.0,0.0,0.0,0.0,0.477,0.2565,0.3235,0.4182
27037060103,0.2084,2935.0,0.0,0.0,0.0,0.1109,0.4362,0.4323,0.2692
27037060105,0.9492,5656.0,0.0,0.0,0.0,0.9365,0.8083,0.8933,0.9352
27053111100,0.1937,3780.0,0.0,0.0,0.0,0.3019,0.0387,0.4503,0.3079
27053111200,0.1717,3667.0,0.0,0.0,0.0,0.1222,0.2699,0.5684,0.1991
27053111300,0.0581,5159.0,0.0,0.0,0.0,0.0768,0.2625,0.2895,0.0541
27053111400,0.0681,4268.0,0.0,0.0,0.0,0.0534,0.0982,0.455,0.1496
27053111500,0.3186,5749.0,0.0,0.0,0.0,0.1229,0.5404,0.511,0.4836
27053111600,0.1142,3454.0,0.0,0.0,0.0,0.1343,0.1015,0.5977,0.1683
27053122500,0.5424,3521.0,0.0,0.0,0.0,0.2999,0.9412,0.6638,0.35
27053122600,0.1209,2367.0,0.0,0.0,0.0,0.1496,0.0374,0.3989,0.3073
27053125500,0.9385,3913.0,0.0,0.0,0.0,0.9178,0.9679,0.9233,0.7141
27053022902,0.004,1928.0,0.0,0.0,0.0,0.0013,0.024,0.2762,0.0514
27035950502,0.34,2726.0,0.0,0.0,0.0,0.66,0.1864,0.1901,0.2338
27035951301,0.6092,5072.0,0.0,0.0,0.0,0.4476,0.8043,0.058,0.7983
27035951700,0.316,3219.0,0.0,0.0,0.0,0.5003,0.1924,0.1021,0.3721
27171100707,0.4957,3669.0,0.0,0.0,0.0,0.6279,0.3935,0.4503,0.3955
27171100706,0.5351,5746.0,0.0,0.0,0.0,0.4462,0.7181,0.062,0.6687
27171101101,0.5164,7619.0,0.0,0.0,0.0,0.5337,0.2138,0.4496,0.7101
27171100402,0.6974,3495.0,0.0,0.0,0.0,0.5812,0.8704,0.2635,0.7148
27171100401,0.0354,1919.0,0.0,0.0,0.0,0.1797,0.0187,0.006,0.1229
27171100704,0.6319,4748.0,0.0,0.0,0.0,0.5304,0.7361,0.4043,0.6754
27171100804,0.1383,7113.0,0.0,0.0,0.0,0.0134,0.4422,0.4503,0.2712
27171100806,0.0073,4069.0,0.0,0.0,0.0,0.0107,0.0581,0.3102,0.0448
27171100102,0.0401,10614.0,0.0,0.0,0.0,0.0247,0.0715,0.457,0.1269
27171100803,0.0174,7175.0,0.0,0.0,0.0,0.0107,0.0695,0.4136,0.0775
27171100805,0.1396,7270.0,0.0,0.0,0.0,0.3059,0.2806,0.0734,0.0848
27171100206,0.2739,6256.0,0.0,0.0,0.0,0.2298,0.4796,0.2675,0.3046
27171100205,0.8758,4080.0,0.0,0.0,0.0,0.6212,0.8878,0.7292,0.9593
27171100101,0.2719,7977.0,0.0,0.0,0.0,0.2939,0.1717,0.4897,0.3447
27171101002,0.2699,4518.0,0.0,0.0,0.0,0.2565,0.2077,0.0527,0.503
27023950602,0.833,2904.0,0.0,0.0,0.0,0.6921,0.7689,0.3642,0.9679
27023950601,0.847,3019.0,0.0,0.0,0.0,0.8724,0.8477,0.6691,0.6179
27053027203,0.6099,3571.0,0.0,0.0,0.0,0.4937,0.6493,0.4163,0.7234
27053027601,0.3667,4167.0,0.0,0.0,0.0,0.2398,0.3567,0.465,0.5665
27053027602,0.1824,5105.0,0.0,0.0,0.0,0.3734,0.0281,0.3756,0.2652
27053100200,0.6807,4328.0,0.0,0.0,0.0,0.5999,0.7335,0.9346,0.4923
27053100400,0.9145,3529.0,0.0,0.0,0.0,0.9679,0.9613,0.9773,0.4329
27053100500,0.8724,1954.0,0.0,0.0,0.0,0.8263,0.9005,0.7952,0.6994
27053100900,0.8684,5583.0,0.0,0.0,0.0,0.9646,0.6012,0.9833,0.5384
27053102100,0.986,2588.0,0.0,0.0,0.0,0.9967,0.986,0.9913,0.7368
27053102600,0.7134,2170.0,0.0,0.0,0.0,0.841,0.5458,0.8366,0.4168
27053102800,0.984,2807.0,0.0,0.0,0.0,0.9613,0.9846,0.9586,0.8657
27053103000,0.6186,1799.0,0.0,0.0,0.0,0.5598,0.326,0.6071,0.8023
27053103100,0.6473,2264.0,0.0,0.0,0.0,0.8337,0.3053,0.8286,0.3961
27053103400,0.9352,3210.0,0.0,0.0,0.0,0.9619,0.9686,0.998,0.5204
27053103600,0.3353,2947.0,0.0,0.0,0.0,0.4021,0.169,0.4743,0.4255
27053103700,0.5858,4192.0,0.0,0.0,0.0,0.6967,0.0267,0.7505,0.8564
27053104100,0.9659,3890.0,0.0,0.0,0.0,0.9806,0.8216,0.9726,0.9031
27053104400,0.8477,2752.0,0.0,0.0,0.0,0.9045,0.1349,0.9066,0.9472
27057070600,0.9853,3868.0,0.0,0.0,0.0,0.9512,0.9719,0.445,0.99
27057070100,0.4355,5135.0,0.0,0.0,0.0,0.5845,0.2599,0.3896,0.4202
27057070300,0.4703,1982.0,0.0,0.0,0.0,0.678,0.4937,0.1995,0.2973
27057070700,0.6733,2304.0,0.0,0.0,0.0,0.7034,0.6206,0.1448,0.7422
27057070500,0.3273,2846.0,0.0,0.0,0.0,0.3821,0.5384,0.0527,0.314
27057070400,0.6172,2914.0,0.0,0.0,0.0,0.7014,0.5832,0.1995,0.5912
27057070200,0.1917,2430.0,0.0,0.0,0.0,0.3487,0.1035,0.1147,0.2565
27097780200,0.5023,3950.0,0.0,0.0,0.0,0.6914,0.4863,0.1147,0.4028
27097780300,0.4582,6260.0,0.0,0.0,0.0,0.5057,0.4349,0.1261,0.5832
27097780100,0.4208,2956.0,0.0,0.0,0.0,0.5244,0.2578,0.062,0.5825
27097780400,0.5625,2630.0,0.0,0.0,0.0,0.7629,0.4409,0.0761,0.4796
27097780800,0.3434,4258.0,0.0,0.0,0.0,0.4442,0.3848,0.0247,0.4122
27097780600,0.7796,6007.0,0.0,0.0,0.0,0.8611,0.7475,0.1107,0.7468
27097780500,0.5731,5286.0,0.0,0.0,0.0,0.6119,0.4429,0.07,0.7455
27097780700,0.6279,2676.0,0.0,0.0,0.0,0.7468,0.7134,0.1301,0.4629
27053105100,0.3053,2808.0,0.0,0.0,0.0,0.3928,0.3273,0.5404,0.2144
27053105400,0.9626,3781.0,0.0,0.0,0.0,0.9405,0.4589,0.8552,1.0
27053105500,0.1576,4036.0,0.0,0.0,0.0,0.3507,0.0087,0.493,0.2752
27053105700,0.831,2789.0,0.0,0.0,0.0,0.9225,0.1336,0.9126,0.8851
27053106200,0.976,3921.0,0.0,0.0,0.0,0.9506,0.8009,0.9453,0.988
27053106500,0.2291,4905.0,0.0,0.0,0.0,0.167,0.0494,0.485,0.5558
27003051201,0.9085,4083.0,0.0,0.0,0.0,0.845,0.6727,0.9019,0.9653
27003051202,0.9646,4248.0,0.0,0.0,0.0,0.9385,0.9071,0.9086,0.9018
27003050709,0.1991,2346.0,0.0,0.0,0.0,0.1269,0.3828,0.6264,0.187
27015960700,0.1523,3358.0,0.0,0.0,0.0,0.2004,0.2084,0.028,0.2198
27015960400,0.6794,4402.0,0.0,0.0,0.0,0.493,0.8591,0.05,0.8597
27003051203,0.6413,5924.0,0.0,0.0,0.0,0.5558,0.6921,0.7952,0.5271
27003051206,0.8898,2611.0,0.0,0.0,0.0,0.7963,0.9051,0.8986,0.7862
27003050808,0.5157,2096.0,0.0,0.0,0.0,0.517,0.7221,0.4303,0.3781
27003050807,0.6293,4505.0,0.0,0.0,0.0,0.813,0.3373,0.7091,0.4035
27025110302,0.5645,6717.0,0.0,0.0,0.0,0.6065,0.5658,0.2455,0.5645
27025110402,0.4643,4811.0,0.0,0.0,0.0,0.5738,0.5872,0.3989,0.2933
27025110301,0.2645,4251.0,0.0,0.0,0.0,0.3888,0.0167,0.2168,0.6513
27003051304,0.8023,2638.0,0.0,0.0,0.0,0.9065,0.5838,0.8679,0.5057
27003051305,0.9205,3619.0,0.0,0.0,0.0,0.9319,0.8323,0.9306,0.809
27003051400,0.8069,5654.0,0.0,0.0,0.0,0.9018,0.5264,0.9159,0.5531
27003051502,0.6273,3626.0,0.0,0.0,0.0,0.5718,0.5451,0.8866,0.5304
27145011102,0.3921,3655.0,0.0,0.0,0.0,0.5117,0.4516,0.1074,0.3914
27145001003,0.5912,4163.0,0.0,0.0,0.0,0.519,0.7408,0.6778,0.4576
27145000502,0.8824,5671.0,0.0,0.0,0.0,0.8824,0.9192,0.8806,0.5418
27145000304,0.9746,6767.0,0.0,0.0,0.0,0.9699,0.813,0.9326,0.9746
27145011201,0.352,3195.0,0.0,0.0,0.0,0.4295,0.1977,0.0247,0.5945
27145010103,0.4863,4552.0,0.0,0.0,0.0,0.342,0.4783,0.3556,0.7061
27145001002,0.5377,5571.0,0.0,0.0,0.0,0.3981,0.7762,0.499,0.4776
27145000501,0.9132,2280.0,0.0,0.0,0.0,0.7909,0.9593,0.8052,0.8784
27003050711,0.3307,5167.0,0.0,0.0,0.0,0.3794,0.686,0.6144,0.1156
27003050710,0.8704,3796.0,0.0,0.0,0.0,0.8851,0.7442,0.7979,0.7395
27001770100,0.495,2428.0,0.0,0.0,0.0,0.8403,0.2592,0.2422,0.2625
27001770300,0.8771,3307.0,0.0,0.0,0.0,0.7515,0.9619,0.0867,0.9379
27001770200,0.7007,2177.0,0.0,0.0,0.0,0.8637,0.5531,0.2215,0.5451
27003050501,0.5204,3203.0,0.0,0.0,0.0,0.5792,0.2552,0.3836,0.662
27053110000,0.7562,1558.0,0.0,0.0,0.0,0.9212,0.644,0.9466,0.2879
27053105600,0.7902,4718.0,0.0,0.0,0.0,0.7181,0.4369,0.8259,0.9078
27053020902,0.2198,2541.0,0.0,0.0,0.0,0.3166,0.2612,0.7105,0.0902
27003050230,0.0434,2776.0,0.0,0.0,0.0,0.0541,0.0321,0.5797,0.1423
27003050504,0.6667,2223.0,0.0,0.0,0.0,0.6179,0.9145,0.6498,0.3587
27003050505,0.7789,5621.0,0.0,0.0,0.0,0.5277,0.9372,0.7365,0.7722
27003050401,0.7074,3235.0,0.0,0.0,0.0,0.5852,0.811,0.7405,0.6112
27003050605,0.7288,5669.0,0.0,0.0,0.0,0.688,0.3166,0.7131,0.8671
27003050607,0.8437,4441.0,0.0,0.0,0.0,0.7027,0.9265,0.6691,0.7969
27003050608,0.7629,4986.0,0.0,0.0,0.0,0.8898,0.4289,0.8112,0.5718
27003050233,0.171,3573.0,0.0,0.0,0.0,0.1443,0.3434,0.3616,0.185
27003050819,0.2244,5073.0,0.0,0.0,0.0,0.1142,0.5892,0.6811,0.1617
27003050820,0.1984,3506.0,0.0,0.0,0.0,0.2452,0.2986,0.7578,0.0835
27003050818,0.1837,7319.0,0.0,0.0,0.0,0.1416,0.5585,0.6024,0.0995
27003050237,0.4342,5652.0,0.0,0.0,0.0,0.4028,0.2071,0.2762,0.7361
27003050236,0.0167,3875.0,0.0,0.0,0.0,0.0047,0.3333,0.3789,0.014
27003050712,0.8383,4675.0,0.0,0.0,0.0,0.8591,0.6546,0.7779,0.7482
27145011101,0.1436,2907.0,0.0,0.0,0.0,0.2605,0.0915,0.0033,0.2545
27145010104,0.6453,5909.0,0.0,0.0,0.0,0.6139,0.6653,0.507,0.6259
27053106600,0.2518,2447.0,0.0,0.0,0.0,0.2879,0.0428,0.2949,0.5651
27053106900,0.8798,2898.0,0.0,0.0,0.0,0.9198,0.3988,0.8306,0.8884
27053107000,0.7662,3593.0,0.0,0.0,0.0,0.9399,0.0955,0.8859,0.7248
27053107400,0.7996,1874.0,0.0,0.0,0.0,0.8657,0.5671,0.8512,0.6199
27053107500,0.4943,1910.0,0.0,0.0,0.0,0.7335,0.3955,0.6825,0.1884
27053107600,0.1296,3596.0,0.0,0.0,0.0,0.1884,0.2004,0.5771,0.0815
27053108700,0.9025,4317.0,0.0,0.0,0.0,0.7976,0.8163,0.8726,0.9466
27053108800,0.9198,3502.0,0.0,0.0,0.0,0.976,0.68,0.9159,0.8096
27053108900,0.3246,2370.0,0.0,0.0,0.0,0.4603,0.1363,0.5844,0.3246
27053109000,0.022,1812.0,0.0,0.0,0.0,0.0374,0.1202,0.2762,0.0461
27053109100,0.3206,5210.0,0.0,0.0,0.0,0.5424,0.0815,0.5744,0.2859
27053108000,0.0655,3413.0,0.0,0.0,0.0,0.155,0.004,0.435,0.3661
27053109300,0.4522,3923.0,0.0,0.0,0.0,0.4436,0.161,0.6237,0.67
27053109700,0.521,2422.0,0.0,0.0,0.0,0.7568,0.3106,0.7952,0.2151
27171100705,0.3601,3460.0,0.0,0.0,0.0,0.2752,0.656,0.2215,0.3975
27171101001,0.0875,4908.0,0.0,0.0,0.0,0.1623,0.4743,0.2702,0.0267
27171100807,0.0494,5667.0,0.0,0.0,0.0,0.0301,0.177,0.5197,0.0949
27171101102,0.4516,1427.0,0.0,0.0,0.0,0.6059,0.1055,0.2762,0.6693
27053109800,0.0621,4304.0,0.0,0.0,0.0,0.1336,0.1029,0.3142,0.0875
27053109900,0.2111,3807.0,0.0,0.0,0.0,0.2632,0.0508,0.6311,0.3033
27053110100,0.314,2785.0,0.0,0.0,0.0,0.6573,0.1049,0.7912,0.1142
27053110200,0.0615,3222.0,0.0,0.0,0.0,0.1944,0.0341,0.3909,0.0895
27105105600,0.9405,5796.0,0.0,0.0,0.0,0.8003,0.998,0.9039,0.7602
27105105100,0.5471,2763.0,0.0,0.0,0.0,0.686,0.6359,0.567,0.2518
27105105500,0.9653,3437.0,0.0,0.0,0.0,0.8323,0.9953,0.9473,0.8991
27105105300,0.5999,2206.0,0.0,0.0,0.0,0.5137,0.8257,0.4089,0.513
27105105200,0.5264,3022.0,0.0,0.0,0.0,0.3948,0.8684,0.4803,0.3761
27137013400,0.1583,3108.0,0.0,0.0,0.0,0.0882,0.2485,0.028,0.3868
27137002000,0.5812,1251.0,0.0,0.0,0.0,0.831,0.1436,0.3142,0.5778
27137002200,0.5959,1304.0,0.0,0.0,0.0,0.5939,0.6099,0.6518,0.4729
27137002400,0.3941,1049.0,0.0,0.0,0.0,0.6673,0.187,0.6331,0.2091
27137002900,0.312,1464.0,0.0,0.0,0.0,0.521,0.1443,0.0,0.4309
27137003300,0.5057,2199.0,0.0,0.0,0.0,0.7241,0.2017,0.4163,0.4335
27085950200,0.2151,4007.0,0.0,0.0,0.0,0.1977,0.3039,0.1508,0.2819
27085950100,0.5124,5043.0,0.0,0.0,0.0,0.5544,0.4609,0.3235,0.5344
27085950500,0.3747,2714.0,0.0,0.0,0.0,0.6647,0.4643,0.2055,0.1703
27085950600,0.2912,4713.0,0.0,0.0,0.0,0.3614,0.2879,0.3809,0.2679
27131070101,0.2458,3379.0,0.0,0.0,0.0,0.4522,0.2031,0.2168,0.1937
27131070102,0.1931,4253.0,0.0,0.0,0.0,0.2365,0.2291,0.2055,0.2391
27131070801,0.9426,4353.0,0.0,0.0,0.0,0.7715,0.9786,0.8692,0.9446
27131070802,0.66,4010.0,0.0,0.0,0.0,0.7555,0.2792,0.5951,0.6727
27131070702,0.9519,3674.0,5.0,1.360914534567229,0.8590490586202406,0.9345,0.8998,0.7171,0.9185
27131070701,0.5491,2837.0,1.0,0.35248501938667604,0.30194365543810103,0.3694,0.6293,0.8786,0.505
27035950401,0.5504,4020.0,0.0,0.0,0.0,0.6346,0.5631,0.1301,0.5184
27035951303,0.7375,4330.0,0.0,0.0,0.0,0.8257,0.7709,0.2422,0.5925
27035950702,0.835,3315.0,0.0,0.0,0.0,0.8564,0.7735,0.3722,0.8123
27035950802,0.5979,2936.0,0.0,0.0,0.0,0.6633,0.5578,0.1955,0.6326
27035951304,0.4168,2628.0,0.0,0.0,0.0,0.501,0.1777,0.2055,0.6379
27035950801,0.2859,2077.0,0.0,0.0,0.0,0.3246,0.4035,0.0394,0.3547
27035950901,0.3467,2947.0,0.0,0.0,0.0,0.6299,0.1276,0.1207,0.3667
27035950402,0.3621,1565.0,0.0,0.0,0.0,0.5471,0.6994,0.2949,0.1216
27035950701,0.8377,2725.0,0.0,0.0,0.0,0.8477,0.7849,0.0927,0.9038
27035950902,0.165,2510.0,0.0,0.0,0.0,0.2445,0.2518,0.006,0.1864
27123034400,0.8657,2185.0,0.0,0.0,0.0,0.9158,0.7856,0.93,0.5424
27123034500,0.9412,3633.0,0.0,0.0,0.0,0.9466,0.9539,0.95,0.6887
27123034601,0.9666,5505.0,0.0,0.0,0.0,0.9659,0.8631,0.958,0.9198
27123034602,0.9272,4808.0,0.0,0.0,0.0,0.988,0.7248,0.984,0.7321
27123034701,0.9152,3827.0,0.0,0.0,0.0,0.9572,0.7582,0.9693,0.7682
27123035100,0.2017,3301.0,0.0,0.0,0.0,0.35,0.0053,0.6878,0.4609
27123037500,0.4235,5358.0,0.0,0.0,0.0,0.2806,0.7328,0.7091,0.3086
27123037601,0.6253,4310.0,0.0,0.0,0.0,0.4122,0.7281,0.507,0.7689
27123041302,0.7174,4577.0,0.0,0.0,0.0,0.6366,0.5511,0.6778,0.8003
27123041400,0.8123,5536.0,0.0,0.0,0.0,0.5992,0.6827,0.7552,0.9532
27123041601,0.4676,6125.0,0.0,0.0,0.0,0.3587,0.4128,0.7979,0.4916
27123041602,0.9078,3367.0,0.0,0.0,0.0,0.9312,0.4242,0.8386,0.9659
27123041700,0.4689,3272.0,0.0,0.0,0.0,0.4549,0.5351,0.5844,0.4148
27123041800,0.4836,3713.0,0.0,0.0,0.0,0.332,0.4916,0.7638,0.5251
27123042001,0.7081,1808.0,0.0,0.0,0.0,0.7141,0.0908,0.8519,0.9212
27123042002,0.5531,2454.0,0.0,0.0,0.0,0.5204,0.4522,0.8132,0.4863
27123035200,0.2138,3570.0,0.0,0.0,0.0,0.5832,0.0073,0.3909,0.2826
27123035300,0.2031,3952.0,0.0,0.0,0.0,0.2779,0.0154,0.5824,0.4522
27123035700,0.1316,2750.0,0.0,0.0,0.0,0.0454,0.3126,0.4243,0.2244
27017070401,0.6754,3730.0,0.0,0.0,0.0,0.664,0.6613,0.1901,0.7655
27017070501,0.8791,4036.0,0.0,0.0,0.0,0.7756,0.7943,0.6551,0.9372
27017070402,0.5698,3959.0,0.0,0.0,0.0,0.5097,0.483,0.1901,0.8036
27017070502,0.4776,2961.0,0.0,0.0,0.0,0.4542,0.4335,0.2342,0.6466
27009020300,0.2345,3865.0,0.0,0.0,0.0,0.2231,0.2311,0.0207,0.4242
27009020100,0.6967,6106.0,0.0,0.0,0.0,0.6239,0.5885,0.1147,0.9125
27009020202,0.3046,2970.0,0.0,0.0,0.0,0.4315,0.3086,0.1408,0.31
27007450400,0.8009,2662.0,0.0,0.0,0.0,0.8931,0.3921,0.2455,0.8898
27123040200,0.4008,1857.0,0.0,0.0,0.0,0.5364,0.5618,0.0827,0.3126
27123041500,0.3594,5545.0,0.0,0.0,0.0,0.1356,0.5591,0.6311,0.517
27123030100,0.3487,4833.0,0.0,0.0,0.0,0.3026,0.1169,0.5877,0.6126
27123030601,0.9679,5874.0,0.0,0.0,0.0,0.9853,0.9532,0.9973,0.7562
27123031300,0.9619,3046.0,0.0,0.0,0.0,0.9753,0.9893,0.9847,0.5438
27123034900,0.2325,3746.0,0.0,0.0,0.0,0.4723,0.002,0.535,0.5571
27123036300,0.3788,3788.0,0.0,0.0,0.0,0.1957,0.2719,0.493,0.7255
27123032400,0.9192,3294.0,0.0,0.0,0.0,0.851,0.7923,0.9626,0.9426
27123035500,0.3213,2227.0,0.0,0.0,0.0,0.3848,0.0401,0.5844,0.5585
27123030703,0.7729,4563.0,0.0,0.0,0.0,0.7368,0.7174,0.9393,0.6359
27123030702,0.7749,6173.0,0.0,0.0,0.0,0.6593,0.9459,0.9406,0.4783
27123035000,0.1797,2625.0,0.0,0.0,0.0,0.328,0.0949,0.3489,0.1904
27123035900,0.7595,1033.0,0.0,0.0,0.0,0.8911,0.4228,0.8132,0.5591
27123036000,0.6894,2677.0,0.0,0.0,0.0,0.3761,0.5304,0.6744,0.9599
27123036100,0.9439,1930.0,0.0,0.0,0.0,0.8717,0.9726,0.9947,0.7996
27123035800,0.5431,2889.0,0.0,0.0,0.0,0.4235,0.2051,0.515,0.8684
27123042102,0.68,5591.0,0.0,0.0,0.0,0.5478,0.6526,0.8446,0.6874
27053027202,0.7756,1712.0,0.0,0.0,0.0,0.8043,0.7796,0.507,0.6667
27123036400,0.1416,3891.0,0.0,0.0,0.0,0.0969,0.1536,0.5617,0.2385
27123036600,0.1597,4046.0,0.0,0.0,0.0,0.2071,0.0875,0.2895,0.2585
27123036700,0.7515,5587.0,0.0,0.0,0.0,0.7007,0.4763,0.7385,0.849
27123036800,0.1997,2029.0,0.0,0.0,0.0,0.4168,0.0902,0.4476,0.1536
27123036900,0.6633,2393.0,0.0,0.0,0.0,0.674,0.6914,0.4803,0.5518
27123037000,0.4756,2711.0,0.0,0.0,0.0,0.6673,0.6166,0.5951,0.1516
27123037100,0.9753,4962.0,0.0,0.0,0.0,0.9118,0.9385,0.9159,0.9719
27123037200,0.9579,5713.0,0.0,0.0,0.0,0.9412,0.9472,0.94,0.8196
27123037402,0.9325,4068.0,0.0,0.0,0.0,0.8918,0.9753,0.9353,0.7021
27003050232,0.1263,3916.0,0.0,0.0,0.0,0.0762,0.6774,0.1508,0.1029
27003050706,0.6814,3327.0,0.0,0.0,0.0,0.7709,0.8003,0.7805,0.2699
27003050110,0.2305,2773.0,0.0,0.0,0.0,0.3534,0.1249,0.2342,0.2739
27003051302,0.9038,4285.0,0.0,0.0,0.0,0.9606,0.7702,0.9026,0.7081
27003051501,0.837,3005.0,0.0,0.0,0.0,0.6386,0.982,0.9079,0.6172
27003051002,0.6687,3714.0,0.0,0.0,0.0,0.5063,0.8677,0.8272,0.4896
27003050602,0.4128,2486.0,0.0,0.0,0.0,0.4663,0.3454,0.6518,0.3554
27003050222,0.1804,5634.0,0.0,0.0,0.0,0.1777,0.3681,0.445,0.1476
27003050218,0.0802,2979.0,0.0,0.0,0.0,0.2158,0.2158,0.0474,0.0554
27003050228,0.4903,6350.0,0.0,0.0,0.0,0.5872,0.5424,0.435,0.3487
27003050107,0.3928,2931.0,0.0,0.0,0.0,0.5745,0.2064,0.1021,0.4743
27003050108,0.3774,5737.0,0.0,0.0,0.0,0.3687,0.4957,0.3909,0.3788
27049080101,0.8644,4028.0,0.0,0.0,0.0,0.8784,0.6907,0.3209,0.9178
27049080400,0.3133,3889.0,0.0,0.0,0.0,0.3494,0.4389,0.1801,0.336
27049080600,0.3808,4857.0,0.0,0.0,0.0,0.334,0.1643,0.2895,0.7181
27049080700,0.6653,3391.0,0.0,0.0,0.0,0.523,0.6513,0.3556,0.8437
27049080800,0.3681,4554.0,0.0,0.0,0.0,0.3727,0.5063,0.0894,0.4562
27049080300,0.5284,4008.0,0.0,0.0,0.0,0.3801,0.5524,0.2055,0.7836
27049080500,0.1864,3257.0,0.0,0.0,0.0,0.4529,0.1369,0.2115,0.1249
27049080900,0.338,6355.0,0.0,0.0,0.0,0.2959,0.4255,0.1354,0.4816
27049080102,0.513,6017.0,0.0,0.0,0.0,0.6974,0.1189,0.4163,0.5992
27009021201,0.9673,6885.0,0.0,0.0,0.0,0.8985,0.843,0.8579,0.9947
27009021103,0.9065,3585.0,0.0,0.0,0.0,0.6954,0.9426,0.3642,0.9927
27009021104,0.1369,4476.0,0.0,0.0,0.0,0.022,0.5177,0.1828,0.2619
27137011101,0.3013,1265.0,0.0,0.0,0.0,0.4763,0.1984,0.0827,0.3654
27137011102,0.3387,5450.0,0.0,0.0,0.0,0.3821,0.3861,0.2055,0.3794
27137010602,0.4028,3734.0,0.0,0.0,0.0,0.6019,0.3387,0.0167,0.3908
27137010601,0.2512,3121.0,0.0,0.0,0.0,0.3995,0.1556,0.1408,0.3113
27137015503,0.8103,826.0,0.0,0.0,0.0,0.7882,0.8069,0.8592,0.6152
27137011401,0.185,1304.0,0.0,0.0,0.0,0.4289,0.3714,0.008,0.0802
27137011402,0.2886,1857.0,0.0,0.0,0.0,0.2625,0.481,0.0414,0.3881
27137015401,0.0875,1838.0,0.0,0.0,0.0,0.189,0.1015,0.0187,0.1677
27137015502,0.5184,1117.0,0.0,0.0,0.0,0.4957,0.5785,0.7712,0.3768
27137015501,0.4716,1372.0,0.0,0.0,0.0,0.5758,0.5324,0.2528,0.3928
27137000302,0.4456,2626.0,0.0,0.0,0.0,0.324,0.4282,0.5917,0.5818
27137015402,0.4816,1292.0,0.0,0.0,0.0,0.4362,0.3079,0.1354,0.7949
27137010301,0.6339,5269.0,0.0,0.0,0.0,0.4749,0.8343,0.4109,0.6573
27137010302,0.1363,4612.0,0.0,0.0,0.0,0.1536,0.5277,0.2382,0.0795
27137000301,0.7669,4968.0,0.0,0.0,0.0,0.8671,0.3981,0.2342,0.8664
27003050109,0.0955,5673.0,0.0,0.0,0.0,0.0955,0.0394,0.1748,0.3774
27003050111,0.0868,3455.0,0.0,0.0,0.0,0.344,0.0434,0.0867,0.0969
27003050114,0.0087,3173.0,0.0,0.0,0.0,0.1897,0.0067,0.0267,0.0468
27051070200,0.6573,2825.0,0.0,0.0,0.0,0.7101,0.8397,0.1588,0.4696
27051070100,0.6887,3266.0,0.0,0.0,0.0,0.6994,0.6446,0.1901,0.7542
27003050116,0.1403,4518.0,0.0,0.0,0.0,0.2371,0.0641,0.3142,0.2204
27003050208,0.4115,3304.0,0.0,0.0,0.0,0.654,0.69,0.5597,0.0721
27003050210,0.0428,4180.0,0.0,0.0,0.0,0.1503,0.1784,0.2949,0.0274
27123041900,0.5224,3424.0,0.0,0.0,0.0,0.4643,0.4709,0.5617,0.5765
27123034702,0.9105,4687.0,0.0,0.0,0.0,0.9519,0.8791,0.948,0.6192
27123041103,0.7181,3659.0,0.0,0.0,0.0,0.6039,0.2739,0.8786,0.9025
27123032100,0.8891,2887.0,0.0,0.0,0.0,0.9546,0.1957,0.8172,0.9492
27123033800,0.487,1766.0,0.0,0.0,0.0,0.7502,0.2745,0.8486,0.1717
27123030704,0.9319,4505.0,0.0,0.0,0.0,0.8691,0.8597,0.968,0.9112
27123040402,0.7355,5624.0,0.0,0.0,0.0,0.5291,0.9312,0.6638,0.6493
27123036500,0.3079,4205.0,0.0,0.0,0.0,0.2665,0.0735,0.515,0.6386
27123040301,0.0782,1610.0,0.0,0.0,0.0,0.3033,0.1069,0.2702,0.0381
27123033100,0.994,1943.0,0.0,0.0,0.0,0.9906,0.9906,0.9286,0.9172
27123030300,0.1743,6675.0,0.0,0.0,0.0,0.1737,0.2939,0.547,0.1383
27123030400,0.9125,6035.0,0.0,0.0,0.0,0.9372,0.7295,0.942,0.829
27129790400,0.7836,2593.0,0.0,0.0,0.0,0.7248,0.8778,0.5844,0.6526
27129790600,0.8303,2732.0,0.0,0.0,0.0,0.8123,0.7695,0.5617,0.8176
27129790500,0.8457,3243.0,0.0,0.0,0.0,0.7128,0.7902,0.5023,0.9452
27129790100,0.5939,2572.0,0.0,0.0,0.0,0.5237,0.6633,0.3896,0.664
27129790300,0.322,1783.0,0.0,0.0,0.0,0.2979,0.6039,0.1995,0.3013
27129790200,0.2819,1784.0,0.0,0.0,0.0,0.2498,0.3881,0.1681,0.3935
27003050227,0.2599,4691.0,0.0,0.0,0.0,0.3086,0.4663,0.6731,0.1116
27003050229,0.1657,5649.0,0.0,0.0,0.0,0.3006,0.0347,0.455,0.2325
27003050215,0.2051,4331.0,0.0,0.0,0.0,0.0828,0.189,0.535,0.4362
27003050216,0.0347,6015.0,0.0,0.0,0.0,0.0254,0.3073,0.0734,0.0574
27003050217,0.3106,3427.0,0.0,0.0,0.0,0.2792,0.7769,0.6004,0.1176
27003050219,0.1229,2762.0,0.0,0.0,0.0,0.2411,0.1897,0.2762,0.0955
27123037403,0.9927,7919.0,0.0,0.0,0.0,0.978,0.8931,0.9753,0.984
27003050115,0.0862,5783.0,0.0,0.0,0.0,0.1216,0.2111,0.3789,0.0915
27003050220,0.2973,7075.0,0.0,0.0,0.0,0.1904,0.6647,0.547,0.2251
27003050223,0.0989,2899.0,0.0,0.0,0.0,0.1683,0.0481,0.3336,0.2104
27003050224,0.1563,4323.0,0.0,0.0,0.0,0.0989,0.6847,0.4196,0.0688
27003050226,0.3393,3093.0,0.0,0.0,0.0,0.4215,0.5284,0.6611,0.155
27123042101,0.9552,5033.0,0.0,0.0,0.0,0.9031,0.7969,0.7905,0.9873
27123042201,0.7622,1711.0,0.0,0.0,0.0,0.7488,0.7996,0.9199,0.5037
27123042202,0.8871,5697.0,0.0,0.0,0.0,0.8544,0.8818,0.9013,0.6947
27123042301,0.6607,3053.0,0.0,0.0,0.0,0.3874,0.7535,0.8065,0.7502
27123042302,0.8337,4814.0,0.0,0.0,0.0,0.6526,0.7381,0.9099,0.9098
27111960103,0.1189,2209.0,0.0,0.0,0.0,0.3834,0.1409,0.0827,0.0708
27031480102,0.5905,2108.0,0.0,0.0,0.0,0.4856,0.7161,0.3642,0.674
27031480101,0.5217,1355.0,0.0,0.0,0.0,0.4896,0.6326,0.8225,0.3387
27003050234,0.018,3270.0,0.0,0.0,0.0,0.1476,0.0114,0.0927,0.0942
27015960101,0.6032,1887.0,0.0,0.0,0.0,0.7161,0.5484,0.3863,0.4636
27123040706,0.0314,5554.0,0.0,0.0,0.0,0.0488,0.157,0.515,0.0254
27123040707,0.2906,4625.0,0.0,0.0,0.0,0.1824,0.8257,0.3689,0.177
27003050702,0.2612,3536.0,0.0,0.0,0.0,0.4262,0.32,0.535,0.1149
27003050704,0.3454,4835.0,0.0,0.0,0.0,0.3754,0.8243,0.6738,0.0728
27003050235,0.4142,2873.0,0.0,0.0,0.0,0.3647,0.9319,0.3642,0.159
27169670302,0.3914,3188.0,0.0,0.0,0.0,0.6106,0.012,0.1901,0.8303
27169670301,0.7101,3026.0,0.0,0.0,0.0,0.67,0.2892,0.6351,0.8858
27123040801,0.8063,3191.0,0.0,0.0,0.0,0.7214,0.8804,0.7705,0.6446
27169670102,0.2452,2908.0,0.0,0.0,0.0,0.2485,0.2639,0.1508,0.3601
27169670101,0.4369,4196.0,0.0,0.0,0.0,0.2852,0.4162,0.1354,0.7929
27169670801,0.2124,2362.0,0.0,0.0,0.0,0.1209,0.3534,0.1508,0.3995
27169670802,0.2953,4127.0,0.0,0.0,0.0,0.2966,0.1082,0.1681,0.6319
27003050606,0.8671,1886.0,0.0,0.0,0.0,0.8029,0.8737,0.5437,0.8464
27003050810,0.9419,5238.0,0.0,0.0,0.0,0.9005,0.9292,0.7612,0.8938
27003050811,0.5738,2899.0,0.0,0.0,0.0,0.5805,0.7041,0.6424,0.3741
27003050707,0.1897,5933.0,0.0,0.0,0.0,0.1617,0.5731,0.5797,0.0929
27003050901,0.8036,2448.0,0.0,0.0,0.0,0.9439,0.2472,0.6458,0.7415
27003050902,0.2619,4996.0,0.0,0.0,0.0,0.3774,0.3868,0.3616,0.1603
27003051001,0.9532,3203.0,0.0,0.0,0.0,0.8991,0.9659,0.7825,0.8824
27003051101,0.4289,4619.0,0.0,0.0,0.0,0.3701,0.4436,0.8552,0.3507
27003051102,0.7655,4325.0,0.0,0.0,0.0,0.6827,0.5184,0.8346,0.8584
27003051103,0.8838,3921.0,0.0,0.0,0.0,0.9192,0.7515,0.9253,0.6673
27037061502,0.2779,2767.0,0.0,0.0,0.0,0.1349,0.312,0.2215,0.5999
27037061001,0.1196,4210.0,0.0,0.0,0.0,0.0975,0.2258,0.1408,0.2498
27005450900,0.3313,3131.0,0.0,0.0,0.0,0.3607,0.6607,0.2842,0.2124
27005450500,0.8651,4934.0,0.0,0.0,0.0,0.7816,0.9138,0.1588,0.9292
27005450600,0.8985,3504.0,0.0,0.0,0.0,0.8884,0.6887,0.1748,0.9893
27005450400,0.2826,2821.0,0.0,0.0,0.0,0.4309,0.1042,0.4683,0.3273
27005450700,0.1516,3404.0,0.0,0.0,0.0,0.2652,0.171,0.2608,0.1316
27005450100,0.5772,3222.0,0.0,0.0,0.0,0.7348,0.5605,0.1828,0.4449
27005940000,0.9098,4159.0,0.0,0.0,0.0,0.9172,0.8904,0.9193,0.6927
27005450200,0.4843,2147.0,0.0,0.0,0.0,0.5037,0.7589,0.2608,0.3527
27005450300,0.7161,5445.0,0.0,0.0,0.0,0.7548,0.4382,0.4616,0.7856
27027030108,0.9606,5564.0,0.0,0.0,0.0,0.9893,0.9098,0.8185,0.7769
27027030109,0.2478,3593.0,0.0,0.0,0.0,0.3674,0.4415,0.2842,0.1356
27027030111,0.5752,5049.0,0.0,0.0,0.0,0.4182,0.5431,0.5757,0.7335
27027030110,0.3073,5916.0,0.0,0.0,0.0,0.346,0.2652,0.2342,0.4041
27137002300,0.153,4173.0,0.0,0.0,0.0,0.1202,0.3353,0.1207,0.2425
27121970300,0.1323,2799.0,0.0,0.0,0.0,0.2505,0.1657,0.1748,0.1349
27121970100,0.2098,2420.0,0.0,0.0,0.0,0.2578,0.2505,0.0867,0.2672
27121970400,0.6039,3332.0,0.0,0.0,0.0,0.5331,0.5625,0.0894,0.837
27121970200,0.3968,2761.0,0.0,0.0,0.0,0.2378,0.5351,0.1508,0.6747
27135970200,0.2572,2099.0,0.0,0.0,0.0,0.483,0.1062,0.1681,0.2892
27135970300,0.6867,4012.0,0.0,0.0,0.0,0.5952,0.6787,0.3002,0.8203
27135970400,0.4856,3661.0,0.0,0.0,0.0,0.646,0.3914,0.3642,0.3727
27135970500,0.499,1702.0,0.0,0.0,0.0,0.5351,0.3193,0.1955,0.6854
27135970100,0.8831,3820.0,0.0,0.0,0.0,0.7642,0.9212,0.4757,0.9092
27145010101,0.157,7933.0,0.0,0.0,0.0,0.1376,0.4061,0.2528,0.161
27145000401,0.8604,6387.0,0.0,0.0,0.0,0.7148,0.8457,0.8806,0.8557
27139080204,0.0454,3450.0,0.0,0.0,0.0,0.3353,0.0882,0.3836,0.0
27139080500,0.678,2902.0,0.0,0.0,0.0,0.5959,0.8784,0.527,0.4943
27139080600,0.3527,4983.0,0.0,0.0,0.0,0.2705,0.5972,0.8225,0.2158
27027030201,0.5558,5710.0,0.0,0.0,0.0,0.3407,0.6814,0.1261,0.8337
27027030107,0.2238,1639.0,0.0,0.0,0.0,0.2144,0.3146,0.2702,0.2492
27027030202,0.2358,5157.0,0.0,0.0,0.0,0.1864,0.1296,0.1107,0.5631
27139080100,0.7041,2637.0,0.0,0.0,0.0,0.7836,0.4676,0.8566,0.511
27139080903,0.147,8581.0,0.0,0.0,0.0,0.1483,0.3413,0.5904,0.0882
27139080202,0.2592,6318.0,0.0,0.0,0.0,0.2472,0.3313,0.6945,0.1924
27139081200,0.3854,6600.0,0.0,0.0,0.0,0.3173,0.6152,0.3382,0.4021
27139080700,0.5785,3891.0,0.0,0.0,0.0,0.491,0.7301,0.7745,0.4395
27139080201,0.2472,2815.0,0.0,0.0,0.0,0.2091,0.2218,0.5877,0.2812
27027020300,0.8076,3231.0,0.0,0.0,0.0,0.8397,0.1884,0.5824,0.9739
27027020400,0.7555,4345.0,0.0,0.0,0.0,0.9332,0.2492,0.6351,0.652
27061480804,0.817,2021.0,0.0,0.0,0.0,0.6339,0.7081,0.3296,0.9866
27061480401,0.6486,1314.0,0.0,0.0,0.0,0.6687,0.5237,0.3689,0.7054
27061480102,0.4349,1340.0,0.0,0.0,0.0,0.7041,0.4008,0.2115,0.2445
27061480902,0.811,5314.0,0.0,0.0,0.0,0.6627,0.7896,0.3336,0.9519
27061480402,0.2632,1511.0,0.0,0.0,0.0,0.3267,0.2432,0.2762,0.2839
27061481002,0.523,3846.0,0.0,0.0,0.0,0.6172,0.3908,0.3456,0.507
27061480301,0.5718,1428.0,0.0,0.0,0.0,0.5698,0.2345,0.2675,0.843
27061480302,0.8257,1842.0,0.0,0.0,0.0,0.7782,0.8938,0.567,0.6921
27061480101,0.8363,891.0,0.0,0.0,0.0,0.8604,0.662,0.3489,0.8771
27061480702,0.4783,3831.0,0.0,0.0,0.0,0.5885,0.3059,0.3002,0.4923
27061480701,0.33,1272.0,0.0,0.0,0.0,0.6473,0.181,0.0047,0.2779
27061481001,0.8136,1983.0,0.0,0.0,0.0,0.7969,0.9806,0.0894,0.6266
27061480803,0.8858,1540.0,0.0,0.0,0.0,0.9499,0.6065,0.3296,0.9011
27061480805,0.7495,2666.0,0.0,0.0,0.0,0.8116,0.5798,0.4243,0.7508
27061480901,0.5745,1535.0,0.0,0.0,0.0,0.5484,0.6299,0.0927,0.7007
27091790501,0.3888,1917.0,0.0,0.0,0.0,0.0407,0.4729,0.1995,0.9566
27091790502,0.5097,4120.0,0.0,0.0,0.0,0.4108,0.7675,0.1588,0.5578
27027030112,0.6226,4648.0,0.0,0.0,0.0,0.5752,0.8036,0.435,0.4963
27027030300,0.8183,4490.0,0.0,0.0,0.0,0.7675,0.4696,0.7418,0.9279
27027020700,0.7208,2599.0,0.0,0.0,0.0,0.7288,0.3701,0.5243,0.8343
27027030400,0.0762,2434.0,0.0,0.0,0.0,0.0401,0.2098,0.465,0.1323
27015960300,0.2432,3346.0,0.0,0.0,0.0,0.3908,0.2244,0.1801,0.2211
27015960600,0.6493,3064.0,0.0,0.0,0.0,0.4776,0.9766,0.058,0.5738
27015960500,0.5291,3641.0,0.0,0.0,0.0,0.5625,0.3019,0.571,0.5544
27119020100,0.7268,4566.0,0.0,0.0,0.0,0.5705,0.6587,0.6304,0.8484
27119020700,0.7802,2288.0,0.0,0.0,0.0,0.6607,0.851,0.6624,0.7575
27119020900,0.8397,3734.0,0.0,0.0,0.0,0.7923,0.6667,0.4043,0.9459
27119020300,0.024,3133.0,0.0,0.0,0.0,0.0648,0.0969,0.1021,0.0534
27053003802,0.4549,3857.0,0.0,0.0,0.0,0.5518,0.0013,0.6744,0.982
27053126202,0.0327,4099.0,0.0,0.0,0.0,0.0414,0.0027,0.7171,0.2725
27053126102,0.5551,6973.0,0.0,0.0,0.0,0.4843,0.0287,0.8332,0.9499
27053027703,0.002,4451.0,0.0,0.0,0.0,0.0468,0.0294,0.2422,0.0
27053126101,0.2565,2788.0,0.0,0.0,0.0,0.2385,0.0174,0.7131,0.6139
27053024904,0.8243,3674.0,0.0,0.0,0.0,0.9011,0.66,0.9266,0.5144
27053104001,0.3948,2293.0,0.0,0.0,0.0,0.7301,0.0194,0.5917,0.4222
27053023402,0.5765,1830.0,0.0,0.0,0.0,0.5945,0.2478,0.8773,0.5812
27053026824,0.3768,4789.0,0.0,0.0,0.0,0.2953,0.4262,0.8679,0.334
27053025909,0.1423,3002.0,0.0,0.0,0.0,0.2251,0.0635,0.6624,0.1523
27053025704,0.4188,4489.0,0.0,0.0,0.0,0.3714,0.2659,0.5917,0.5291
27053104902,0.843,4714.0,0.0,0.0,0.0,0.9259,0.1316,0.9213,0.9192
27053026717,0.3039,6131.0,0.0,0.0,0.0,0.511,0.1824,0.7051,0.1637
27053026025,0.0053,2557.0,0.0,0.0,0.0,0.0341,0.0354,0.6551,0.0
27053104801,0.9993,5190.0,0.0,0.0,0.0,0.9886,1.0,1.0,0.9539
27053104901,0.7168,6843.0,0.0,0.0,0.0,0.9272,0.0033,0.7265,0.98
27053026024,0.1376,3491.0,0.0,0.0,0.0,0.1603,0.314,0.6691,0.0648
27053026027,0.2164,4000.0,0.0,0.0,0.0,0.0908,0.6032,0.5337,0.1957
27053026911,0.2672,4553.0,0.0,0.0,0.0,0.0808,0.2732,0.3456,0.6587
27053026722,0.0461,5133.0,0.0,0.0,0.0,0.0307,0.3761,0.7912,0.0147
27053026718,0.5865,3660.0,0.0,0.0,0.0,0.7094,0.4723,0.6551,0.3948
27053025908,0.1029,3854.0,0.0,0.0,0.0,0.1169,0.0822,0.3863,0.2218
27053026720,0.143,5041.0,0.0,0.0,0.0,0.2532,0.167,0.5317,0.0808
27053026719,0.0588,6401.0,0.0,0.0,0.0,0.0434,0.3006,0.553,0.0428
27053026912,0.0568,9285.0,0.0,0.0,0.0,0.0053,0.3814,0.0761,0.165
27053026516,0.2545,3651.0,0.0,0.0,0.0,0.2118,0.2866,0.5457,0.2745
27053026615,0.0321,6805.0,0.0,0.0,0.0,0.0027,0.1283,0.7325,0.0621
27053026721,0.014,2806.0,0.0,0.0,0.0,0.0554,0.0601,0.3936,0.0247
27053026614,0.0067,3372.0,0.0,0.0,0.0,0.0033,0.1423,0.511,0.0073
27053026026,0.0381,5518.0,0.0,0.0,0.0,0.0661,0.1603,0.7238,0.0134
27053026405,0.646,2389.0,0.0,0.0,0.0,0.6253,0.7121,0.7839,0.4469
27053026406,0.187,3644.0,0.0,0.0,0.0,0.1837,0.0661,0.6945,0.2939
27053020201,0.9793,2621.0,0.0,0.0,0.0,0.9733,0.9552,0.9726,0.8811
27053020202,0.8564,5574.0,0.0,0.0,0.0,0.7996,0.8317,0.9666,0.7094
27053026828,0.9506,3980.0,0.0,0.0,0.0,0.9873,0.837,0.978,0.7749
27053026827,0.8631,3322.0,0.0,0.0,0.0,0.8804,0.8517,0.9927,0.5124
27053023201,0.4449,2225.0,0.0,0.0,0.0,0.2432,0.3721,0.7912,0.6366
27053126201,0.6212,3250.0,0.0,0.0,0.0,0.6433,0.0768,0.8112,0.8537
27053026725,0.2191,2294.0,0.0,0.0,0.0,0.5017,0.0534,0.465,0.1576
27053026726,0.0474,4082.0,0.0,0.0,0.0,0.1396,0.165,0.5404,0.0214
27053126300,0.9846,2858.0,0.0,0.0,0.0,0.99,0.8958,0.9546,0.9385
27053026826,0.1075,3674.0,0.0,0.0,0.0,0.1069,0.0721,0.8546,0.153
27053104802,0.8991,4559.0,0.0,0.0,0.0,0.9379,0.2325,0.8939,0.9753
27053026723,0.0481,4454.0,0.0,0.0,0.0,0.0381,0.5518,0.547,0.0114
27053027205,0.1944,3627.0,0.0,0.0,0.0,0.0922,0.658,0.6351,0.1196
27163071024,0.0521,2717.0,0.0,0.0,0.0,0.0234,0.2251,0.521,0.0748
27163071210,0.4616,4792.0,0.0,0.0,0.0,0.5772,0.3367,0.6591,0.3427
27163070207,0.0902,5192.0,0.0,0.0,0.0,0.0441,0.0655,0.2842,0.3474
27163070108,0.1242,3393.0,0.0,0.0,0.0,0.1283,0.5397,0.2608,0.0741
27163070706,0.3534,3196.0,0.0,0.0,0.0,0.2151,0.4843,0.1354,0.6159
27163070604,0.3981,4037.0,0.0,0.0,0.0,0.5197,0.4636,0.6004,0.2184
27163071211,0.0528,5242.0,0.0,0.0,0.0,0.0721,0.2959,0.5684,0.0227
27163071019,0.1329,12730.0,0.0,0.0,0.0,0.0862,0.1303,0.7452,0.2044
27163071023,0.0107,4541.0,0.0,0.0,0.0,0.008,0.0361,0.7512,0.0307
27163070208,0.2037,4354.0,0.0,0.0,0.0,0.1423,0.4542,0.4163,0.2071
27163070705,0.0027,3972.0,0.0,0.0,0.0,0.0882,0.0147,0.2168,0.008
27163071021,0.3714,5466.0,0.0,0.0,0.0,0.2465,0.3494,0.8919,0.4228
27163071020,0.0755,4064.0,0.0,0.0,0.0,0.0588,0.513,0.6551,0.018
27163070603,0.686,2352.0,0.0,0.0,0.0,0.5404,0.98,0.7732,0.3006
27163070107,0.4108,3913.0,0.0,0.0,0.0,0.4202,0.7495,0.6184,0.1931
27163071022,0.1082,2913.0,0.0,0.0,0.0,0.1122,0.3313,0.5917,0.0695
27163071025,0.481,4606.0,0.0,0.0,0.0,0.3914,0.676,0.6051,0.3901
27005450800,0.4001,2435.0,0.0,0.0,0.0,0.3641,0.3601,0.2455,0.5638
27037060401,0.6987,2763.0,0.0,0.0,0.0,0.7575,0.8143,0.8165,0.3026
27119020500,0.3661,2563.0,0.0,0.0,0.0,0.3427,0.3694,0.4043,0.4389
27037060603,0.1009,4265.0,0.0,0.0,0.0,0.0361,0.2432,0.4676,0.1944
27109000903,0.2625,4005.0,0.0,0.0,0.0,0.191,0.0561,0.5023,0.6273
27037060402,0.9045,3572.0,0.0,0.0,0.0,0.8617,0.9793,0.8519,0.6299
27037060502,0.4743,4226.0,0.0,0.0,0.0,0.3307,0.6981,0.7492,0.3747
27037060503,0.855,5227.0,0.0,0.0,0.0,0.8651,0.8644,0.7678,0.6072
27037060505,0.7762,7109.0,0.0,0.0,0.0,0.6333,0.8076,0.8306,0.7562
27037060507,0.2118,2863.0,0.0,0.0,0.0,0.1697,0.2766,0.5023,0.2432
27037060508,0.1042,5601.0,0.0,0.0,0.0,0.0287,0.3267,0.571,0.151
27037060509,0.3988,6433.0,0.0,0.0,0.0,0.2592,0.4202,0.493,0.5725
27007450201,0.0715,1576.0,0.0,0.0,0.0,0.0261,0.3026,0.439,0.1055
27007450101,0.823,2220.0,0.0,0.0,0.0,0.8844,0.5551,0.7432,0.7174
27007450202,0.6366,5688.0,0.0,0.0,0.0,0.4115,0.6573,0.479,0.847
27007450703,0.8911,1959.0,0.0,0.0,0.0,0.8858,0.5992,0.8299,0.8911
27007450102,0.7315,5035.0,0.0,0.0,0.0,0.6767,0.5418,0.4777,0.8577
27007450704,0.849,3949.0,0.0,0.0,0.0,0.853,0.3687,0.6097,0.9579
27007450705,0.7154,2086.0,0.0,0.0,0.0,0.6079,0.6005,0.6024,0.8257
27007450706,0.7649,2367.0,0.0,0.0,0.0,0.7194,0.9345,0.7452,0.4442
27109001403,0.1663,7533.0,0.0,0.0,0.0,0.1997,0.185,0.7605,0.0989
27109001901,0.0982,3692.0,0.0,0.0,0.0,0.1249,0.3066,0.1261,0.1222
27109001404,0.2766,6473.0,1.0,0.15448787270199288,0.1436568453847799,0.163,0.4883,0.5317,0.324
27109001902,0.2285,4469.0,0.0,0.0,0.0,0.1743,0.4469,0.1995,0.2705
27171100202,0.191,1577.0,0.0,0.0,0.0,0.1804,0.3968,0.4196,0.1657
27171100203,0.6693,5828.0,0.0,0.0,0.0,0.8069,0.4983,0.3756,0.5511
27171101300,0.7769,4732.0,0.0,0.0,0.0,0.7047,0.7027,0.3489,0.8998
27171101200,0.3955,3766.0,0.0,0.0,0.0,0.4041,0.2919,0.1448,0.6179
27171100900,0.4282,7497.0,0.0,0.0,0.0,0.4081,0.4576,0.2528,0.5264
27171100701,0.7528,6920.0,0.0,0.0,0.0,0.8377,0.8363,0.028,0.6707
27095170500,0.8176,4804.0,0.0,0.0,0.0,0.6807,0.7809,0.2635,0.9673
27095170600,0.342,2916.0,0.0,0.0,0.0,0.3079,0.6473,0.2842,0.2993
27095170700,0.7348,5979.0,0.0,0.0,0.0,0.7862,0.5364,0.1828,0.8323
27095970300,0.7194,2749.0,0.0,0.0,0.0,0.857,0.646,0.1301,0.5919
27095970200,0.9947,2798.0,0.0,0.0,0.0,0.9392,0.9913,0.9053,0.9933
27095970100,0.7535,2135.0,0.0,0.0,0.0,0.8063,0.7375,0.459,0.6633
27095170400,0.5043,5299.0,0.0,0.0,0.0,0.6533,0.7148,0.0867,0.3226
27169670400,0.3413,4445.0,1.0,0.2249718785151856,0.2029178874190559,0.5524,0.3467,0.4163,0.189
27169670600,0.5965,4129.0,1.0,0.2421893921046258,0.21687546150317819,0.7528,0.1009,0.3722,0.7976
27169671000,0.5671,5309.0,0.0,0.0,0.0,0.5979,0.5858,0.2528,0.5691
27169670900,0.6333,3765.0,0.0,0.0,0.0,0.6092,0.7061,0.4476,0.5678
27169670200,0.6854,3499.0,0.0,0.0,0.0,0.6513,0.3574,0.2115,0.9365
27169670500,0.5257,4935.0,1.0,0.20263424518743667,0.18451435517618645,0.8143,0.0254,0.4503,0.6593
27169670700,0.7335,3903.0,0.0,0.0,0.0,0.8223,0.7542,0.1408,0.6406
27053024005,0.688,2917.0,0.0,0.0,0.0,0.4048,0.5772,0.6911,0.9332
27053125900,0.9633,5039.0,0.0,0.0,0.0,0.9653,0.8504,0.9893,0.8758
27053126000,1.0,5031.0,0.0,0.0,0.0,0.994,0.9993,0.982,0.9773
27071790201,0.6533,2312.0,0.0,0.0,0.0,0.6379,0.4235,0.3809,0.8156
27071790202,0.6179,2709.0,0.0,0.0,0.0,0.6834,0.7014,0.3863,0.4549
27131070300,0.2832,4647.0,0.0,0.0,0.0,0.4068,0.2211,0.1748,0.3307
27131070400,0.1109,4374.0,0.0,0.0,0.0,0.1784,0.1162,0.05,0.2298
27131070200,0.0741,5652.0,1.0,0.17692852087756547,0.16290809650840024,0.1196,0.1857,0.1207,0.1202
27089080100,0.3607,2155.0,0.0,0.0,0.0,0.5578,0.3607,0.062,0.3153
27003050816,0.4536,6726.0,0.0,0.0,0.0,0.4349,0.8223,0.4243,0.2605
27003050402,0.9379,3610.0,0.0,0.0,0.0,0.8343,0.8751,0.6184,0.9913
27089080200,0.3427,2258.0,0.0,0.0,0.0,0.3447,0.6506,0.0801,0.3206
27089080400,0.7642,2539.0,0.0,0.0,0.0,0.5838,0.8985,0.3429,0.855
27089080300,0.5925,2065.0,0.0,0.0,0.0,0.4061,0.6673,0.4216,0.7902
27173970100,0.7442,3005.0,0.0,0.0,0.0,0.642,0.7241,0.553,0.8143
27173970400,0.3801,2001.0,0.0,0.0,0.0,0.4242,0.4456,0.3756,0.3707
27173970300,0.658,2380.0,0.0,0.0,0.0,0.4783,0.7836,0.3936,0.7782
27173970200,0.7014,2183.0,0.0,0.0,0.0,0.5932,0.9332,0.014,0.7074
27091790600,0.9259,4464.0,0.0,0.0,0.0,0.9746,0.7462,0.6424,0.8731
27091790300,0.4683,2256.0,0.0,0.0,0.0,0.4736,0.7355,0.0527,0.4476
27091790200,0.4529,2396.0,0.0,0.0,0.0,0.6566,0.7609,0.1261,0.1837
27091790100,0.5304,2977.0,0.0,0.0,0.0,0.4703,0.6974,0.0527,0.6453
27091790400,0.2919,1830.0,0.0,0.0,0.0,0.5571,0.4309,0.0667,0.1463
27077460402,0.0668,923.0,0.0,0.0,0.0,0.1917,0.0802,0.1448,0.0922
27077460401,0.354,1193.0,0.0,0.0,0.0,0.7108,0.1176,0.3456,0.2191
27041450601,0.7448,3831.0,0.0,0.0,0.0,0.6713,0.5043,0.1901,0.9686
27041450704,0.813,3250.0,0.0,0.0,0.0,0.7188,0.8444,0.2295,0.8958
27041450703,0.6673,2691.0,0.0,0.0,0.0,0.6099,0.3233,0.1995,0.9486
27041450602,0.7615,2558.0,0.0,0.0,0.0,0.5458,0.9492,0.4243,0.8063
27087940300,0.978,2520.0,0.0,0.0,0.0,0.9726,0.9479,0.936,0.9005
27087940100,0.98,2869.0,0.0,0.0,0.0,0.9492,0.9693,0.9186,0.9232
27119020600,0.8216,5472.0,0.0,0.0,0.0,0.7535,0.5852,0.553,0.9405
27119021000,0.7809,3291.0,0.0,0.0,0.0,0.8156,0.7756,0.2675,0.7635
27119020200,0.9786,1672.0,0.0,0.0,0.0,0.9566,0.9639,0.8499,0.9312
27037060728,0.3066,5532.0,0.0,0.0,0.0,0.0387,0.6707,0.6971,0.4749
27109001602,0.2057,3077.0,0.0,0.0,0.0,0.0568,0.0828,0.7051,0.5297
27109001701,0.9245,5056.0,0.0,0.0,0.0,0.829,0.8978,0.9119,0.9252
27109001702,0.8918,4540.0,0.0,0.0,0.0,0.7689,0.9078,0.8332,0.8544
27109001800,0.2104,5844.0,0.0,0.0,0.0,0.2191,0.4275,0.3489,0.1643
27109001603,0.2839,4567.0,0.0,0.0,0.0,0.1663,0.4562,0.5557,0.3514
27109001201,0.2872,4854.0,0.0,0.0,0.0,0.0755,0.2779,0.6805,0.5939
27093560500,0.4135,3375.0,0.0,0.0,0.0,0.6132,0.5491,0.1261,0.2612
27093560400,0.644,3097.0,0.0,0.0,0.0,0.5217,0.6313,0.5384,0.7535
27093560200,0.4102,4824.0,0.0,0.0,0.0,0.3206,0.4496,0.1995,0.648
27093560600,0.6199,3057.0,0.0,0.0,0.0,0.68,0.7101,0.2895,0.4883
27093560100,0.4603,5128.0,0.0,0.0,0.0,0.495,0.4135,0.0474,0.6506
27037060744,0.0214,1473.0,0.0,0.0,0.0,0.0621,0.2118,0.4803,0.0
27037060907,0.1443,8303.0,0.0,0.0,0.0,0.1757,0.5331,0.507,0.0401
27037060906,0.2712,3858.0,0.0,0.0,0.0,0.4001,0.5812,0.507,0.0701
27037060904,0.2258,3323.0,0.0,0.0,0.0,0.2886,0.2692,0.1107,0.2512
27037060828,0.7548,5431.0,0.0,0.0,0.0,0.5818,0.7862,0.8899,0.7742
27117460100,0.4382,1494.0,0.0,0.0,0.0,0.5311,0.65,0.439,0.2365
27117460200,0.6587,1637.0,0.0,0.0,0.0,0.5297,0.8103,0.3616,0.6961
27117460500,0.4175,1985.0,0.0,0.0,0.0,0.3327,0.6794,0.1828,0.4596
27117460300,0.7876,2570.0,0.0,0.0,0.0,0.7121,0.853,0.6744,0.6794
27117460400,0.6446,1694.0,0.0,0.0,0.0,0.7609,0.9051,0.485,0.2004
27055020100,0.2558,5892.0,0.0,0.0,0.0,0.183,0.4703,0.1448,0.3627
27055020200,0.2772,3526.0,0.0,0.0,0.0,0.2906,0.5097,0.3142,0.2231
27055020900,0.5578,3629.0,0.0,0.0,0.0,0.5892,0.31,0.1021,0.8009
27055020300,0.6286,2466.0,0.0,0.0,0.0,0.5731,0.7776,0.1901,0.66
27055020500,0.5144,3313.0,0.0,0.0,0.0,0.5257,0.4509,0.0053,0.7275
27007940002,0.8223,1983.0,0.0,0.0,0.0,0.8036,0.831,0.8786,0.6045
27007940001,0.9459,5591.0,0.0,0.0,0.0,0.9666,0.7001,0.9987,0.8978
27041450900,0.0842,3655.0,0.0,0.0,0.0,0.145,0.179,0.0107,0.145
27041451000,0.1102,4616.0,0.0,0.0,0.0,0.0802,0.2411,0.0527,0.2592
27041450100,0.2331,3352.0,0.0,0.0,0.0,0.3707,0.2285,0.0027,0.2525
27041450500,0.1877,4726.0,0.0,0.0,0.0,0.2037,0.175,0.1301,0.3347
27037060606,0.2071,2562.0,0.0,0.0,0.0,0.1162,0.2104,0.3102,0.4436
27041450800,0.5037,3703.0,0.0,0.0,0.0,0.3968,0.4649,0.0527,0.831
27041450200,0.344,3928.0,0.0,0.0,0.0,0.3667,0.4629,0.0127,0.4482
27037061402,0.1303,3781.0,0.0,0.0,0.0,0.2331,0.145,0.0761,0.1777
27037060714,0.7381,4908.0,0.0,0.0,0.0,0.837,0.4215,0.8539,0.5798
27037060813,0.5892,5008.0,0.0,0.0,0.0,0.179,0.8871,0.6264,0.7695
27093560300,0.5758,3871.0,0.0,0.0,0.0,0.515,0.6954,0.0107,0.7261
27063480100,0.1623,2134.0,0.0,0.0,0.0,0.2218,0.3995,0.07,0.1296
27063480200,0.3086,2117.0,0.0,0.0,0.0,0.2171,0.5685,0.3296,0.3574
27063480300,0.6025,2381.0,0.0,0.0,0.0,0.5144,0.825,0.0827,0.6713
27063480400,0.7856,3358.0,0.0,0.0,0.0,0.6146,0.839,0.465,0.8904
27035950100,0.1216,1958.0,0.0,0.0,0.0,0.2391,0.2151,0.034,0.1276
27035951000,0.7455,4009.0,0.0,0.0,0.0,0.9092,0.6172,0.0527,0.6166
27035951400,0.2318,5551.0,0.0,0.0,0.0,0.3868,0.1389,0.1681,0.2558
27029000200,0.8664,2971.0,0.0,0.0,0.0,0.9185,0.8183,0.7025,0.6119
27029000100,0.845,2447.0,0.0,0.0,0.0,0.8083,0.648,0.499,0.9385
27029000300,0.8878,3123.0,0.0,0.0,0.0,0.9132,0.7455,0.3055,0.9051
27021960302,0.5458,1379.0,0.0,0.0,0.0,0.7595,0.1964,0.0761,0.6253
27021960801,0.2852,3790.0,0.0,0.0,0.0,0.4369,0.34,0.0153,0.2759
27037060302,0.5705,3477.0,0.0,0.0,0.0,0.6961,0.6894,0.6838,0.2265
27037060301,0.676,4380.0,0.0,0.0,0.0,0.6907,0.6593,0.7658,0.4709
27037060733,0.4596,4082.0,0.0,0.0,0.0,0.4142,0.7976,0.7625,0.2084
27037060605,0.2685,2632.0,0.0,0.0,0.0,0.151,0.5117,0.8959,0.187
27037060721,0.5778,2658.0,0.0,0.0,0.0,0.6159,0.5605,0.8739,0.3607
27037060104,0.8444,5703.0,0.0,0.0,0.0,0.8811,0.7622,0.7839,0.6373
27037060102,0.6246,2926.0,0.0,0.0,0.0,0.6941,0.3781,0.7218,0.5197
27037060812,0.662,6979.0,0.0,0.0,0.0,0.5271,0.9325,0.7685,0.3701
27037060506,0.4309,4892.0,0.0,0.0,0.0,0.314,0.7715,0.5023,0.338
27037061106,0.3614,2535.0,0.0,0.0,0.0,0.4175,0.2679,0.3336,0.4489
27037060202,0.8003,3536.0,0.0,0.0,0.0,0.7702,0.8564,0.5757,0.676
27039950500,0.5411,6616.0,0.0,0.0,0.0,0.3193,0.7729,0.1681,0.7388
27039950200,0.5832,4027.0,0.0,0.0,0.0,0.4749,0.7201,0.5183,0.5858
27039950300,0.6012,2308.0,0.0,0.0,0.0,0.6506,0.5471,0.3556,0.5905
27039950400,0.4228,3641.0,0.0,0.0,0.0,0.1991,0.4088,0.3055,0.8136
27039950100,0.0448,4301.0,1.0,0.23250406882120436,0.20904792820406978,0.1129,0.0327,0.1801,0.183
27073180100,0.5177,2224.0,0.0,0.0,0.0,0.2712,0.8884,0.0827,0.6393
27073180200,0.2492,1659.0,0.0,0.0,0.0,0.3347,0.5985,0.0414,0.1543
27073180300,0.4937,2853.0,0.0,0.0,0.0,0.4389,0.5758,0.2455,0.6079
27037060716,0.5297,4169.0,0.0,0.0,0.0,0.3554,0.654,0.8306,0.4649
27037060717,0.511,2284.0,0.0,0.0,0.0,0.3514,0.8056,0.8019,0.3373
27037060710,0.8864,4413.0,0.0,0.0,0.0,0.8731,0.821,0.9099,0.7234
27037060711,0.7949,4337.0,0.0,0.0,0.0,0.6199,0.8297,0.8366,0.8069
27037060713,0.0601,2978.0,0.0,0.0,0.0,0.0782,0.191,0.6778,0.0361
27037060726,0.9185,2861.0,0.0,0.0,0.0,0.8871,0.9105,0.7805,0.8363
27037060727,0.7602,3811.0,0.0,0.0,0.0,0.5438,0.6106,0.8866,0.9225
27139080400,0.9071,4465.0,0.0,0.0,0.0,0.9051,0.9299,0.8259,0.6847
27119020800,0.7148,2119.0,0.0,0.0,0.0,0.6446,0.817,0.1261,0.7936
27037060731,0.0194,5610.0,0.0,0.0,0.0,0.0094,0.1623,0.445,0.0407
27037060729,0.0294,3653.0,0.0,0.0,0.0,0.0508,0.0989,0.6144,0.0261
27037060742,0.155,3811.0,0.0,0.0,0.0,0.0668,0.5778,0.5797,0.1002
27037060805,0.8597,3524.0,0.0,0.0,0.0,0.7455,0.7929,0.9413,0.8517
27037060806,0.489,5979.0,0.0,0.0,0.0,0.5498,0.2224,0.7912,0.4603
27111960300,0.9526,3402.0,0.0,0.0,0.0,0.8056,0.9446,0.8452,0.9826
27111960500,0.9432,5606.0,0.0,0.0,0.0,0.8751,0.994,0.3489,0.8971
27037060811,0.6513,4904.0,0.0,0.0,0.0,0.5184,0.7749,0.6971,0.5952
27037060814,0.1343,5610.0,0.0,0.0,0.0,0.1316,0.1343,0.4757,0.2164
27037060815,0.346,5787.0,0.0,0.0,0.0,0.3106,0.6339,0.5771,0.2271
27111961500,0.6847,3496.0,0.0,0.0,0.0,0.6546,0.6673,0.1508,0.8163
27111961700,0.1844,3138.0,0.0,0.0,0.0,0.2425,0.2786,0.05,0.2291
27111961400,0.1757,2468.0,0.0,0.0,0.0,0.2545,0.0728,0.028,0.3747
27111961300,0.7522,4126.0,0.0,0.0,0.0,0.7228,0.8851,0.1147,0.7201
27111961600,0.4429,2369.0,0.0,0.0,0.0,0.507,0.358,0.1074,0.5959
27111960400,0.2792,2338.0,0.0,0.0,0.0,0.5531,0.1937,0.1955,0.1951
27111960600,0.6373,4247.0,0.0,0.0,0.0,0.65,0.4603,0.1301,0.827
27111960900,0.7368,5565.0,0.0,0.0,0.0,0.7876,0.2545,0.3382,0.9265
27111960800,0.2806,3240.0,0.0,0.0,0.0,0.2859,0.316,0.3296,0.3293
27111961000,0.8464,5147.0,0.0,0.0,0.0,0.8945,0.8337,0.2215,0.7762
27111960700,0.4562,2626.0,0.0,0.0,0.0,0.6814,0.521,0.1301,0.2792
27111961200,0.3694,2262.0,0.0,0.0,0.0,0.3741,0.2685,0.1955,0.5865
27111961100,0.6052,5107.0,0.0,0.0,0.0,0.4015,0.8824,0.2295,0.6774
27037060902,0.1603,4513.0,0.0,0.0,0.0,0.1403,0.5224,0.4283,0.0908
27037061003,0.1283,2666.0,0.0,0.0,0.0,0.0895,0.1743,0.3989,0.2458
27037061005,0.4469,2403.0,0.0,0.0,0.0,0.2839,0.5765,0.6744,0.491
27037061007,0.1062,5470.0,0.0,0.0,0.0,0.1323,0.5117,0.485,0.0341
27037061102,0.5845,4387.0,0.0,0.0,0.0,0.5645,0.4683,0.5657,0.6433
27037061105,0.0808,2385.0,0.0,0.0,0.0,0.2044,0.0381,0.493,0.1035
27037060725,0.6921,4397.0,0.0,0.0,0.0,0.8297,0.2371,0.8979,0.5471
27037060734,0.161,4496.0,0.0,0.0,0.0,0.2244,0.2178,0.7051,0.0715
27037060735,0.8056,4373.0,0.0,0.0,0.0,0.7341,0.7983,0.7105,0.7401
27037060737,0.6005,4896.0,0.0,0.0,0.0,0.4816,0.6206,0.7158,0.6206
27037060738,0.6981,3852.0,0.0,0.0,0.0,0.7375,0.7742,0.9033,0.3393
27037060739,0.7782,6109.0,0.0,0.0,0.0,0.7735,0.5558,0.7939,0.7702
27025110501,0.477,3975.0,0.0,0.0,0.0,0.4135,0.3474,0.2762,0.7161
27085950401,0.6239,5642.0,0.0,0.0,0.0,0.6306,0.4856,0.3235,0.7228
27085950402,0.4803,1962.0,0.0,0.0,0.0,0.6032,0.5979,0.3382,0.2912
27085950301,0.5585,3747.0,0.0,0.0,0.0,0.4335,0.9045,0.1955,0.477
27085950302,0.5972,3060.0,0.0,0.0,0.0,0.6413,0.3961,0.3489,0.7047
27021960803,0.5798,2029.0,0.0,0.0,0.0,0.5711,0.5952,0.4136,0.5792
27021960804,0.3687,2653.0,0.0,0.0,0.0,0.5157,0.4175,0.3142,0.2766
27001770402,0.8731,1648.0,0.0,0.0,0.0,0.9279,0.8838,0.4803,0.6212
27001790504,0.3794,1456.0,0.0,0.0,0.0,0.5638,0.2826,0.0153,0.4342
27001790503,0.3641,1546.0,0.0,0.0,0.0,0.5418,0.4402,0.0981,0.2946
27001770401,0.6299,1451.0,0.0,0.0,0.0,0.7956,0.4021,0.3556,0.5217
27037060822,0.2044,1826.0,0.0,0.0,0.0,0.3039,0.4028,0.4683,0.0842
27037060823,0.5852,4454.0,0.0,0.0,0.0,0.3253,0.8858,0.6144,0.5391
27037060824,0.3975,3667.0,0.0,0.0,0.0,0.2973,0.2993,0.4716,0.6099
27141030105,0.0795,4682.0,0.0,0.0,0.0,0.1717,0.0314,0.5557,0.1242
27141030409,0.4736,4730.0,0.0,0.0,0.0,0.6266,0.517,0.3055,0.312
27141030106,0.1543,7714.0,0.0,0.0,0.0,0.3627,0.3447,0.2702,0.0301
27141030505,0.3995,8025.0,0.0,0.0,0.0,0.2204,0.9359,0.5023,0.2057
27141030407,0.4315,4604.0,0.0,0.0,0.0,0.5224,0.2852,0.1508,0.5404
27141030104,0.1637,3378.0,0.0,0.0,0.0,0.2786,0.2017,0.0474,0.1757
27037061501,0.1256,2465.0,0.0,0.0,0.0,0.3955,0.1136,0.2055,0.0681
27037060201,0.4997,2745.0,0.0,0.0,0.0,0.6286,0.6393,0.7292,0.181
27141030408,0.0227,5533.0,0.0,0.0,0.0,0.1369,0.0668,0.01,0.0414
27141030103,0.1503,4217.0,0.0,0.0,0.0,0.2064,0.1924,0.1588,0.1817
27141030201,0.1336,4602.0,0.0,0.0,0.0,0.2325,0.0975,0.1408,0.2171
27141030410,0.2418,5333.0,0.0,0.0,0.0,0.2258,0.2558,0.1207,0.4008
27141030405,0.0033,3539.0,0.0,0.0,0.0,0.0521,0.0261,0.0414,0.0154
27141030406,0.1236,7151.0,0.0,0.0,0.0,0.0942,0.2619,0.4757,0.1623
27141030202,0.016,3003.0,0.0,0.0,0.0,0.1075,0.0755,0.1588,0.0234
27141030301,0.1136,3068.0,0.0,0.0,0.0,0.2031,0.3407,0.028,0.0975
27141030506,0.4375,5550.0,0.0,0.0,0.0,0.5511,0.1817,0.479,0.487
27141030302,0.3333,3187.0,0.0,0.0,0.0,0.3681,0.6253,0.058,0.2919
27065480100,0.5251,3427.0,0.0,0.0,0.0,0.8023,0.4055,0.0434,0.3681
27065480200,0.4462,3909.0,0.0,0.0,0.0,0.7475,0.2198,0.1588,0.352
27065480300,0.8283,4109.0,0.0,0.0,0.0,0.676,0.6406,0.3142,0.992
27065480400,0.5945,4700.0,0.0,0.0,0.0,0.7361,0.5805,0.1354,0.4997
27075370101,0.3754,1986.0,0.0,0.0,0.0,0.489,0.4476,0.1147,0.3828
27075370102,0.167,2936.0,0.0,0.0,0.0,0.3601,0.2445,0.004,0.1102
27125010100,0.3908,1844.0,0.0,0.0,0.0,0.3467,0.7548,0.2215,0.318
27125010200,0.5872,2068.0,0.0,0.0,0.0,0.3053,0.6466,0.3429,0.8951
27165950100,0.8143,3446.0,0.0,0.0,0.0,0.6206,0.8844,0.6584,0.8417
27165950300,0.5444,2925.0,0.0,0.0,0.0,0.662,0.7488,0.4877,0.2351
27165950200,0.9719,4834.0,0.0,0.0,0.0,0.9472,0.9285,0.8886,0.9439
27139080907,0.3233,3693.0,0.0,0.0,0.0,0.2111,0.8991,0.435,0.1363
27139080206,0.1129,4613.0,0.0,0.0,0.0,0.0815,0.3093,0.6117,0.1049
27139080209,0.3874,4390.0,0.0,0.0,0.0,0.4248,0.8023,0.8099,0.0888
27139081103,0.0234,6188.0,0.0,0.0,0.0,0.0695,0.022,0.4803,0.0628
27139081002,0.0,3592.0,0.0,0.0,0.0,0.0147,0.02,0.1021,0.0087
27139080207,0.0134,4747.0,0.0,0.0,0.0,0.0207,0.1156,0.4503,0.0207
27139081301,0.3821,3050.0,0.0,0.0,0.0,0.3126,0.3347,0.3235,0.5898
27139080304,0.2585,8043.0,0.0,0.0,0.0,0.2512,0.4582,0.8753,0.1082
27139081102,0.0534,2209.0,0.0,0.0,0.0,0.2993,0.0441,0.0927,0.0494
27139080908,0.642,4321.0,0.0,0.0,0.0,0.3547,0.855,0.5657,0.7221
27019090304,0.0387,3401.0,0.0,0.0,0.0,0.1576,0.0788,0.07,0.0588
27019091001,0.9365,5168.0,0.0,0.0,0.0,0.7067,0.9339,0.7992,0.994
27019091002,0.1764,6629.0,0.0,0.0,0.0,0.0561,0.6533,0.493,0.1443
27019090101,0.0888,2889.0,0.0,0.0,0.0,0.1376,0.0862,0.034,0.2345
27019090102,0.4195,3286.0,0.0,0.0,0.0,0.2271,0.5344,0.034,0.7943
27019090902,0.0635,2454.0,0.0,0.0,0.0,0.2351,0.0681,0.05,0.0862
27019090303,0.5725,4254.0,0.0,0.0,0.0,0.5451,0.6707,0.4136,0.519
27019090801,0.4509,7025.0,0.0,0.0,0.0,0.4208,0.6353,0.457,0.4095
27019090802,0.0995,2235.0,0.0,0.0,0.0,0.0421,0.674,0.485,0.0454
27019090704,0.5237,1967.0,0.0,0.0,0.0,0.3894,0.6373,0.4283,0.6132
27019090703,0.2538,4410.0,0.0,0.0,0.0,0.159,0.491,0.6424,0.2305
27019090901,0.4916,3130.0,0.0,0.0,0.0,0.5177,0.6306,0.5384,0.3434
27003050821,0.0394,5207.0,0.0,0.0,0.0,0.0621,0.0407,0.7452,0.0595
27139080802,0.0828,2006.0,0.0,0.0,0.0,0.0721,0.1837,0.1508,0.1804
27139080303,0.8424,5636.0,0.0,0.0,0.0,0.8998,0.8664,0.8893,0.4295
27139080305,0.4709,6183.0,0.0,0.0,0.0,0.2338,0.8203,0.7078,0.4142
27139081302,0.2425,6247.0,0.0,0.0,0.0,0.2265,0.5197,0.1147,0.2485
27139080306,0.4896,2991.0,0.0,0.0,0.0,0.4676,0.5919,0.7865,0.3287
27139080307,0.3494,7085.0,0.0,0.0,0.0,0.4075,0.6186,0.9099,0.0982
27139080801,0.6326,6604.0,0.0,0.0,0.0,0.7255,0.5898,0.435,0.4663
27139080208,0.5104,3471.0,0.0,0.0,0.0,0.4616,0.6546,0.9086,0.2959
27139081001,0.02,4908.0,0.0,0.0,0.0,0.0347,0.1904,0.1828,0.0321
27139081101,0.01,3045.0,0.0,0.0,0.0,0.0708,0.0521,0.008,0.0367
27137003400,0.6219,1474.0,0.0,0.0,0.0,0.5985,0.4776,0.499,0.7001
27137012400,0.8203,4543.0,0.0,0.0,0.0,0.6894,0.847,0.2702,0.9285
27137015200,0.503,3543.0,0.0,0.0,0.0,0.479,0.342,0.0734,0.8096
27137010500,0.1723,3804.0,0.0,0.0,0.0,0.1951,0.2271,0.1107,0.2538
27137000100,0.1456,4117.0,0.0,0.0,0.0,0.1002,0.2391,0.2382,0.2685
27137010400,0.3514,3804.0,0.0,0.0,0.0,0.4629,0.2305,0.0207,0.5063
27137014100,0.4649,1377.0,0.0,0.0,0.0,0.5491,0.4977,0.0927,0.4937
27137002600,0.4669,1963.0,0.0,0.0,0.0,0.652,0.3587,0.4803,0.3039
27137001600,0.5825,1141.0,0.0,0.0,0.0,0.8437,0.0501,0.6991,0.5491
27137012800,0.4623,2921.0,0.0,0.0,0.0,0.2826,0.5431,0.07,0.813
27137012200,0.809,1782.0,0.0,0.0,0.0,0.8938,0.8283,0.1301,0.682
27137010200,0.145,1478.0,0.0,0.0,0.0,0.1116,0.1543,0.2382,0.3327
27137000200,0.179,4564.0,0.0,0.0,0.0,0.2104,0.0935,0.2288,0.3413
27137003000,0.3093,1541.0,0.0,0.0,0.0,0.4502,0.4182,0.5404,0.163
27137012100,0.4409,4595.0,0.0,0.0,0.0,0.2832,0.6273,0.0667,0.6934
27137013900,0.5331,2257.0,0.0,0.0,0.0,0.4155,0.7482,0.3209,0.5564
27137011200,0.9332,2956.0,0.0,0.0,0.0,0.8978,0.9259,0.5904,0.9105
27137003600,0.5618,1492.0,0.0,0.0,0.0,0.5905,0.477,0.439,0.5538
27137000500,0.0855,3367.0,0.0,0.0,0.0,0.3153,0.0234,0.1147,0.1436
27137003800,0.7849,2306.0,0.0,0.0,0.0,0.8791,0.6366,0.3596,0.6967
27137011300,0.3146,2093.0,0.0,0.0,0.0,0.2946,0.2351,0.034,0.6065
27137013600,0.3935,1677.0,0.0,0.0,0.0,0.2933,0.2906,0.028,0.8016
27137001100,0.3327,1611.0,0.0,0.0,0.0,0.5551,0.0762,0.3863,0.3888
27137001200,0.6647,2120.0,0.0,0.0,0.0,0.8898,0.0227,0.439,0.8611
27137001300,0.6072,1814.0,0.0,0.0,0.0,0.7916,0.0628,0.5404,0.7555
27137001400,0.8263,2275.0,0.0,0.0,0.0,0.9285,0.1075,0.8572,0.9045
27137001700,0.7502,1171.0,0.0,0.0,0.0,0.8196,0.3307,0.6518,0.8076
27137001800,0.8737,1886.0,0.0,0.0,0.0,0.9071,0.5939,0.7658,0.819
27001790501,0.3881,1846.0,0.0,0.0,0.0,0.7208,0.2832,0.058,0.2331
27137003700,0.5898,2083.0,0.0,0.0,0.0,0.5585,0.2899,0.3336,0.851
27137010100,0.515,2966.0,0.0,0.0,0.0,0.3935,0.519,0.2455,0.7428
27137001900,0.9165,1786.0,0.0,0.0,0.0,0.9058,0.682,0.7685,0.9546
27137012300,0.4983,2676.0,0.0,0.0,0.0,0.5591,0.5157,0.3836,0.4456
27137012500,0.4148,2608.0,0.0,0.0,0.0,0.6887,0.338,0.0734,0.2899
27137012600,0.7963,4759.0,0.0,0.0,0.0,0.7428,0.7889,0.062,0.9259
27137013000,0.7341,2036.0,0.0,0.0,0.0,0.7729,0.8196,0.1681,0.6426
27011950300,0.5438,2126.0,0.0,0.0,0.0,0.6192,0.2872,0.07,0.7428
27011950100,0.2866,1368.0,0.0,0.0,0.0,0.2164,0.503,0.1021,0.4081
27011950200,0.7141,1667.0,0.0,0.0,0.0,0.5858,0.8744,0.0927,0.8116
27137013100,0.9345,2353.0,0.0,0.0,0.0,0.982,0.9606,0.6458,0.6306
27137013500,0.5324,1821.0,0.0,0.0,0.0,0.6553,0.845,0.0247,0.2799
27137013800,0.7842,1775.0,0.0,0.0,0.0,0.7929,0.7869,0.0007,0.8697
27137014000,0.2705,2095.0,0.0,0.0,0.0,0.485,0.4041,0.3102,0.1136
27137015300,0.654,3265.0,0.0,0.0,0.0,0.8464,0.1269,0.1748,0.821
27137013300,0.6106,3500.0,0.0,0.0,0.0,0.7201,0.2498,0.2702,0.7328
27115950700,0.6406,3721.0,0.0,0.0,0.0,0.7381,0.4015,0.0981,0.7622
27115950200,0.7201,2936.0,0.0,0.0,0.0,0.7482,0.5818,0.3489,0.7522
27115950500,0.8591,4810.0,0.0,0.0,0.0,0.9105,0.6266,0.4303,0.8504
27115950600,0.6166,4678.0,0.0,0.0,0.0,0.7168,0.4502,0.2528,0.6346
27115950800,0.5063,3112.0,0.0,0.0,0.0,0.5357,0.3881,0.2895,0.6246
27115950100,0.4068,2327.0,0.0,0.0,0.0,0.5251,0.4155,0.1748,0.4128
27115950300,0.7388,2803.0,0.0,0.0,0.0,0.8704,0.5297,0.2295,0.6807
27137000400,0.3861,5622.0,0.0,0.0,0.0,0.4449,0.1917,0.2382,0.5965
27137012700,0.6546,2445.0,0.0,0.0,0.0,0.3961,0.9025,0.3002,0.7515
27137013200,0.6132,4026.0,0.0,0.0,0.0,0.3661,0.7522,0.062,0.8965
27137015100,0.4202,3008.0,0.0,0.0,0.0,0.4916,0.7234,0.0827,0.3059
27137000600,0.151,5395.0,0.0,0.0,0.0,0.1309,0.2946,0.0667,0.2472
27137000700,0.0514,3011.0,0.0,0.0,0.0,0.0,0.2405,0.5123,0.1376
27137000900,0.5003,4000.0,0.0,0.0,0.0,0.5631,0.2278,0.3382,0.672
27137001000,0.2144,2484.0,0.0,0.0,0.0,0.5444,0.0134,0.3002,0.2906
27069090100,0.5511,2357.0,0.0,0.0,0.0,0.4482,0.2819,0.0894,0.9272
27069090200,0.4576,1834.0,0.0,0.0,0.0,0.2812,0.7067,0.2168,0.6313
27047180600,0.9112,3689.0,0.0,0.0,0.0,0.9252,0.9379,0.7685,0.6867
27047180800,0.9359,2603.0,0.0,0.0,0.0,0.98,0.8424,0.7992,0.7902
27047180900,0.8043,3275.0,0.0,0.0,0.0,0.7275,0.9065,0.5057,0.6947
27053020801,0.5484,1973.0,0.0,0.0,0.0,0.5898,0.5745,0.6718,0.3674
27053020804,0.7722,2994.0,0.0,0.0,0.0,0.8878,0.509,0.8025,0.5431
27053020903,0.1737,2915.0,0.0,0.0,0.0,0.4302,0.0488,0.6071,0.1089
27053021001,0.3587,6175.0,0.0,0.0,0.0,0.2532,0.0648,0.8079,0.6914
27053021002,0.7542,1918.0,0.0,0.0,0.0,0.69,0.9018,0.7345,0.5117
27053021100,0.7021,1796.0,0.0,0.0,0.0,0.6373,0.8965,0.7585,0.4155
27053026713,0.0935,4182.0,0.0,0.0,0.0,0.2124,0.1309,0.3756,0.0675
27053026807,0.851,5709.0,0.0,0.0,0.0,0.8798,0.829,0.8959,0.5324
27053021200,0.5137,4602.0,0.0,0.0,0.0,0.2619,0.4623,0.7839,0.7308
27053021300,0.8965,4833.0,0.0,0.0,0.0,0.7742,0.9826,0.8025,0.7281
27053021400,0.8717,3221.0,0.0,0.0,0.0,0.8664,0.841,0.8185,0.686
27053021501,0.9506,4737.0,0.0,0.0,0.0,0.8891,0.9452,0.8879,0.8985
27053021502,0.9967,4145.0,0.0,0.0,0.0,0.9846,0.9987,0.9446,0.9699
27053021503,0.7114,4189.0,0.0,0.0,0.0,0.6794,0.5845,0.6911,0.6981
27053021504,0.5471,3681.0,0.0,0.0,0.0,0.672,0.8236,0.7105,0.1283
27053021505,0.6152,5045.0,0.0,0.0,0.0,0.6079,0.3627,0.8172,0.6239
27053021601,0.4749,4657.0,0.0,0.0,0.0,0.6847,0.2191,0.6658,0.2966
27053021602,0.7241,5768.0,0.0,0.0,0.0,0.499,0.7528,0.6838,0.845
27053021700,0.1035,5348.0,0.0,0.0,0.0,0.173,0.2385,0.3055,0.0828
27053021800,0.2485,2269.0,0.0,0.0,0.0,0.1857,0.5711,0.5824,0.167
27053021900,0.2391,4100.0,0.0,0.0,0.0,0.1289,0.2632,0.5297,0.3894
27053022102,0.6146,2861.0,0.0,0.0,0.0,0.4883,0.6086,0.6184,0.6941
27053022200,0.2365,4582.0,0.0,0.0,0.0,0.1556,0.4943,0.439,0.2405
27053105204,0.5985,2738.0,0.0,0.0,0.0,0.7234,0.2144,0.7745,0.5164
27053105201,0.4335,3060.0,0.0,0.0,0.0,0.6707,0.1576,0.5243,0.3407
27127750600,0.5919,1697.0,0.0,0.0,0.0,0.5317,0.6941,0.1588,0.7034
27127750300,0.6159,2181.0,0.0,0.0,0.0,0.7321,0.4736,0.3142,0.5504
27127750400,0.4883,2811.0,0.0,0.0,0.0,0.4429,0.5731,0.1588,0.6286
27127750200,0.4162,3216.0,0.0,0.0,0.0,0.2772,0.3514,0.3936,0.6894
27127750500,0.6399,2702.0,0.0,0.0,0.0,0.6319,0.6767,0.6144,0.5077
27127750100,0.7121,2821.0,0.0,0.0,0.0,0.6313,0.6747,0.7252,0.6834
27053025301,0.4636,2751.0,0.0,0.0,0.0,0.2672,0.7388,0.4043,0.5351
27053025302,0.9172,4954.0,0.0,0.0,0.0,0.8744,0.9399,0.8386,0.8056
27053025401,0.6941,4251.0,0.0,0.0,0.0,0.847,0.4142,0.8926,0.4061
27053025403,0.9479,4276.0,0.0,0.0,0.0,0.8357,0.9646,0.9059,0.9325
27053025601,0.5651,2500.0,0.0,0.0,0.0,0.2679,0.7007,0.6398,0.7442
27053025603,0.2892,3660.0,0.0,0.0,0.0,0.1583,0.515,0.6331,0.3066
27053025605,0.6079,3749.0,0.0,0.0,0.0,0.5284,0.3747,0.6838,0.7462
27053025702,0.7829,5620.0,0.0,0.0,0.0,0.513,0.9352,0.7365,0.8049
27047180500,0.9092,4612.0,0.0,0.0,0.0,0.8771,0.9886,0.6838,0.6353
27053022301,0.483,2039.0,0.0,0.0,0.0,0.181,0.6693,0.2635,0.8283
27053022700,0.4295,3815.0,0.0,0.0,0.0,0.4329,0.3754,0.7885,0.354
27053022801,0.0608,2522.0,0.0,0.0,0.0,0.0601,0.3667,0.455,0.0314
27053022802,0.4569,3504.0,0.0,0.0,0.0,0.5324,0.153,0.5557,0.5892
27053022901,0.4402,5367.0,0.0,0.0,0.0,0.2732,0.2752,0.4803,0.7642
27053023000,0.2298,4462.0,0.0,0.0,0.0,0.1035,0.2912,0.6351,0.332
27053023300,0.7248,5928.0,0.0,0.0,0.0,0.7395,0.688,0.6991,0.5478
27061480801,0.3059,2833.0,0.0,0.0,0.0,0.2011,0.7034,0.4216,0.2478
27053101200,0.3474,5038.0,0.0,0.0,0.0,0.2899,0.2465,0.6658,0.4429
27053110400,0.5244,3418.0,0.0,0.0,0.0,0.4496,0.6072,0.7252,0.4422
27053110500,0.6774,5082.0,0.0,0.0,0.0,0.6152,0.6025,0.7865,0.642
27053110800,0.4262,4364.0,0.0,0.0,0.0,0.3006,0.4823,0.6117,0.4856
27105105400,0.9886,4970.0,0.0,0.0,0.0,0.9305,0.9218,0.972,0.9906
27053023501,0.5464,3668.0,0.0,0.0,0.0,0.3594,0.7508,0.443,0.6032
27053023502,0.2271,6417.0,0.0,0.0,0.0,0.0334,0.4222,0.3235,0.521
27053023600,0.0574,4020.0,0.0,0.0,0.0,0.0488,0.1984,0.3722,0.0855
27053023700,0.1463,5521.0,0.0,0.0,0.0,0.0842,0.1637,0.3936,0.3106
27053023801,0.149,5306.0,0.0,0.0,0.0,0.1062,0.2298,0.457,0.2138
27053023802,0.0508,2861.0,0.0,0.0,0.0,0.0394,0.1403,0.4616,0.1096
27053023901,0.0114,4209.0,0.0,0.0,0.0,0.0154,0.0962,0.5404,0.016
27053025805,0.2959,2816.0,0.0,0.0,0.0,0.3073,0.346,0.2455,0.3621
27053025905,0.1917,3606.0,0.0,0.0,0.0,0.1082,0.1182,0.3102,0.5157
27053025907,0.2131,4589.0,0.0,0.0,0.0,0.1563,0.0835,0.7025,0.3694
27053023902,0.0835,1745.0,0.0,0.0,0.0,0.0227,0.2886,0.4476,0.1403
27053024003,0.7308,4641.0,0.0,0.0,0.0,0.835,0.1797,0.8326,0.7528
27053024200,0.2184,3182.0,0.0,0.0,0.0,0.185,0.4309,0.4716,0.1723
27053024300,0.4696,4998.0,0.0,0.0,0.0,0.4228,0.0588,0.8499,0.7809
27053024400,0.8357,4390.0,0.0,0.0,0.0,0.8096,0.6146,0.8252,0.8403
27053024500,0.4182,2398.0,0.0,0.0,0.0,0.6072,0.3393,0.6691,0.2118
27053024600,0.7822,4200.0,0.0,0.0,0.0,0.7308,0.4095,0.8953,0.8691
27053024700,0.497,3094.0,0.0,0.0,0.0,0.4743,0.5945,0.8439,0.32
27053024801,0.8557,2658.0,0.0,0.0,0.0,0.7749,0.8671,0.9266,0.7154
27053024802,0.9813,2623.0,0.0,0.0,0.0,0.9539,0.9405,0.9133,0.9526
27157490400,0.2939,4477.0,0.0,0.0,0.0,0.4823,0.2378,0.0207,0.3186
27157490500,0.3226,3527.0,0.0,0.0,0.0,0.3881,0.3621,0.2895,0.3133
27157490100,0.6353,2740.0,1.0,0.36496350364963503,0.3111276910264617,0.4716,0.5698,0.1107,0.9345
27157490200,0.1703,3026.0,0.0,0.0,0.0,0.2438,0.2712,0.034,0.1844
27157490600,0.9051,3566.0,0.0,0.0,0.0,0.7562,0.99,0.3336,0.9238
27157490300,0.4729,4124.0,0.0,0.0,0.0,0.3146,0.7214,0.1207,0.644
27053026005,0.6045,3957.0,0.0,0.0,0.0,0.2819,0.9038,0.7345,0.5845
27053026101,0.0661,3367.0,0.0,0.0,0.0,0.016,0.3186,0.0167,0.1964
27053026201,0.1496,3927.0,0.0,0.0,0.0,0.0935,0.6426,0.4716,0.0735
27053110900,0.517,3580.0,0.0,0.0,0.0,0.5397,0.2979,0.8632,0.4529
27053026702,0.7108,2634.0,0.0,0.0,0.0,0.7054,0.5144,0.6024,0.7381
27053026505,0.2525,3734.0,0.0,0.0,0.0,0.2919,0.1289,0.6071,0.3019
27139080905,0.012,6332.0,0.0,0.0,0.0,0.0795,0.0274,0.2949,0.0334
27053023100,0.0922,2036.0,0.0,0.0,0.0,0.169,0.5271,0.6351,0.0
27053027501,0.507,4461.0,0.0,0.0,0.0,0.4422,0.3734,0.2528,0.7715
27053103900,0.7261,4311.0,0.0,0.0,0.0,0.7295,0.014,0.7732,0.9987
27053026510,0.3253,3732.0,0.0,0.0,0.0,0.2699,0.5057,0.7105,0.2371
27053025803,0.2846,3061.0,0.0,0.0,0.0,0.0635,0.7194,0.5123,0.3687
27053026812,0.6232,8072.0,0.0,0.0,0.0,0.5504,0.6259,0.8592,0.5097
27053026815,0.6506,6125.0,0.0,0.0,0.0,0.4395,0.8537,0.9613,0.485
27053026816,0.8958,6608.0,0.0,0.0,0.0,0.7902,0.976,0.9673,0.668
27053026818,0.8584,7106.0,0.0,0.0,0.0,0.8631,0.8303,0.9686,0.5872
27053026819,0.982,5246.0,0.0,0.0,0.0,0.9927,0.9172,0.996,0.8818
27053026903,0.2311,4886.0,0.0,0.0,0.0,0.1764,0.6179,0.3722,0.1556
27013170400,0.6827,4116.0,0.0,0.0,0.0,0.5023,0.6052,0.5243,0.8764
27003050829,0.2652,3490.0,0.0,0.0,0.0,0.4509,0.479,0.7171,0.0434
27003050827,0.3019,3087.0,0.0,0.0,0.0,0.354,0.2672,0.7992,0.1971
27003050611,0.3834,3635.0,0.0,0.0,0.0,0.4649,0.7395,0.3429,0.1784
27003050828,0.7702,2989.0,0.0,0.0,0.0,0.8677,0.5999,0.7712,0.5284
27003050238,0.1049,4598.0,0.0,0.0,0.0,0.0007,0.1997,0.4043,0.3801
27003050823,0.505,3419.0,0.0,0.0,0.0,0.3768,0.7568,0.7292,0.3734
27003050824,0.5932,4781.0,0.0,0.0,0.0,0.5878,0.3647,0.8626,0.5731
27003050612,0.3547,3014.0,0.0,0.0,0.0,0.2291,0.151,0.8212,0.5852
27003050822,0.5017,3055.0,0.0,0.0,0.0,0.6025,0.6159,0.6424,0.2452
27003050825,0.3113,2762.0,0.0,0.0,0.0,0.2525,0.6219,0.5951,0.2011
27003050240,0.0695,4060.0,0.0,0.0,0.0,0.0949,0.147,0.4897,0.0788
27003050239,0.0147,2860.0,0.0,0.0,0.0,0.002,0.2538,0.2268,0.0374
27003050826,0.4823,3895.0,0.0,0.0,0.0,0.4188,0.6226,0.8346,0.328
27003050241,0.0007,2358.0,0.0,0.0,0.0,0.0641,0.01,0.2115,0.0
27013170500,0.7275,4759.0,0.0,0.0,0.0,0.5925,0.6019,0.6278,0.853
27013170700,0.8524,2505.0,0.0,0.0,0.0,0.8537,0.3654,0.6331,0.9633
27045960600,0.7188,3187.0,0.0,0.0,0.0,0.6867,0.7288,0.028,0.8424
27163070912,0.8971,2858.0,0.0,0.0,0.0,0.6947,0.992,0.8652,0.7789
27163071400,0.2759,8131.0,0.0,0.0,0.0,0.1009,0.6987,0.6071,0.2645
27045960500,0.7956,3160.0,0.0,0.0,0.0,0.8497,0.7876,0.0394,0.8083
27045960300,0.6139,3810.0,0.0,0.0,0.0,0.6166,0.5725,0.2268,0.7067
27045960200,0.4963,4804.0,0.0,0.0,0.0,0.4489,0.5865,0.1354,0.646
27045960100,0.5357,3257.0,0.0,0.0,0.0,0.4689,0.485,0.0981,0.7816
27045960400,0.7047,3033.0,0.0,0.0,0.0,0.7174,0.7047,0.0801,0.7735
27053106700,0.3567,5024.0,0.0,0.0,0.0,0.7448,0.0,0.8012,0.5484
27053022302,0.9285,3745.0,0.0,0.0,0.0,0.9359,0.6754,0.8853,0.9292
27053009500,0.7228,3306.0,0.0,0.0,0.0,0.843,0.1951,0.9306,0.6533
27053027001,0.1202,3464.0,0.0,0.0,0.0,0.2358,0.1129,0.2635,0.1456
27053026712,0.7094,3703.0,0.0,0.0,0.0,0.7856,0.5364,0.8039,0.5003
27053022101,0.3574,2672.0,0.0,0.0,0.0,0.3975,0.0922,0.7779,0.4569
27053002400,0.4656,2387.0,0.0,0.0,0.0,0.6587,0.0448,0.7285,0.5317
27053106400,0.8504,1933.0,0.0,0.0,0.0,0.8597,0.7595,0.8452,0.69
27053027101,0.0768,7497.0,0.0,0.0,0.0,0.0681,0.1229,0.5557,0.1236
27053027102,0.2158,6549.0,0.0,0.0,0.0,0.1363,0.4041,0.5123,0.2258
27053026205,0.2224,2944.0,0.0,0.0,0.0,0.0875,0.6279,0.5517,0.1977
27053026206,0.3634,2922.0,0.0,0.0,0.0,0.312,0.5077,0.3596,0.4195
27053026207,0.4663,3645.0,0.0,0.0,0.0,0.2238,0.9198,0.6398,0.3193
27053026208,0.185,2963.0,0.0,0.0,0.0,0.1089,0.2171,0.4603,0.34
27053026301,0.2752,3889.0,0.0,0.0,0.0,0.0868,0.3246,0.3596,0.6399
27053026511,0.7255,3832.0,0.0,0.0,0.0,0.7622,0.4649,0.9219,0.5985
27115950401,0.6927,1017.0,0.0,0.0,0.0,0.8697,0.3046,0.6911,0.479
27115950402,0.9218,3686.0,0.0,0.0,0.0,0.9145,0.7108,0.7265,0.9506
27053026302,0.1182,3459.0,0.0,0.0,0.0,0.3293,0.4549,0.3235,0.0094
27053026403,0.6787,3536.0,0.0,0.0,0.0,0.4576,0.7435,0.8152,0.7368
27053026404,0.0628,6027.0,0.0,0.0,0.0,0.0701,0.0888,0.1828,0.1857
27053026507,0.3734,4680.0,0.0,0.0,0.0,0.33,0.4242,0.5877,0.3921
27053026508,0.0267,4524.0,0.0,0.0,0.0,0.0127,0.0842,0.547,0.0762
27053026509,0.0554,4864.0,0.0,0.0,0.0,0.0514,0.0454,0.5557,0.1483
27019090702,0.0815,3928.0,0.0,0.0,0.0,0.0167,0.4001,0.7552,0.0668
27053026605,0.2338,4102.0,0.0,0.0,0.0,0.0574,0.7842,0.6351,0.157
27053026606,0.2498,5057.0,0.0,0.0,0.0,0.0788,0.501,0.4716,0.3988
27053026609,0.0561,2997.0,0.0,0.0,0.0,0.1176,0.4896,0.3936,0.006
27053026610,0.0949,4596.0,0.0,0.0,0.0,0.0528,0.2037,0.4109,0.1697
27053026708,0.1683,5726.0,0.0,0.0,0.0,0.1303,0.3614,0.5457,0.1416
27053026711,0.0701,3701.0,0.0,0.0,0.0,0.1189,0.1971,0.3689,0.0635
27053026906,0.1476,6999.0,0.0,0.0,0.0,0.1389,0.3707,0.4196,0.1189
27053026907,0.5665,5764.0,0.0,0.0,0.0,0.3454,0.5464,0.7385,0.7208
27053026908,0.3026,6017.0,0.0,0.0,0.0,0.3854,0.0468,0.7765,0.4215
27053027002,0.4088,5498.0,0.0,0.0,0.0,0.2645,0.6112,0.3556,0.515
27133570300,0.6961,3160.0,0.0,0.0,0.0,0.7589,0.5671,0.1828,0.7495
27133570200,0.4436,4185.0,0.0,0.0,0.0,0.2799,0.642,0.2115,0.65
27133570100,0.2211,2314.0,0.0,0.0,0.0,0.5431,0.0895,0.2455,0.1369
27053010700,0.2251,2595.0,0.0,0.0,0.0,0.2659,0.1463,0.3936,0.2732
27053022000,0.1089,2248.0,0.0,0.0,0.0,0.2585,0.006,0.6237,0.2886
27053026910,0.3721,7745.0,0.0,0.0,0.0,0.2558,0.4442,0.6498,0.4415
27053026814,0.4061,6830.0,0.0,0.0,0.0,0.5084,0.348,0.9593,0.1984
27053101300,0.9933,2049.0,0.0,0.0,0.0,0.9486,0.9973,0.9927,0.9132
27053101900,0.666,2434.0,0.0,0.0,0.0,0.6667,0.2799,0.7452,0.7629
27053109400,0.9639,2015.0,0.0,0.0,0.0,0.9586,0.9739,0.9533,0.7194
27053000101,0.674,3203.0,0.0,0.0,0.0,0.6012,0.7228,0.9606,0.4703
27053000102,0.8925,5432.0,0.0,0.0,0.0,0.9198,0.7555,0.9453,0.7041
27019090200,0.1249,4605.0,0.0,0.0,0.0,0.1703,0.0782,0.1448,0.2772
27019090401,0.0247,7713.0,0.0,0.0,0.0,0.0194,0.0514,0.2528,0.1303
27019090402,0.1022,6665.0,0.0,0.0,0.0,0.1015,0.2044,0.5771,0.1122
27019090502,0.0748,3124.0,0.0,0.0,0.0,0.1516,0.4115,0.499,0.01
27019091202,0.169,3149.0,0.0,0.0,0.0,0.1657,0.1456,0.4029,0.2532
27019091201,0.5544,5052.0,0.0,0.0,0.0,0.4963,0.4148,0.2762,0.7816
27019090501,0.0254,2655.0,0.0,0.0,0.0,0.0321,0.352,0.2215,0.0167
27019090302,0.1149,5933.0,0.0,0.0,0.0,0.1409,0.149,0.2342,0.2017
27019091100,0.1964,7760.0,0.0,0.0,0.0,0.2057,0.1703,0.2949,0.2866
27053026007,0.6206,4651.0,0.0,0.0,0.0,0.6005,0.3213,0.6991,0.7108
27053026006,0.4322,3448.0,0.0,0.0,0.0,0.4876,0.3487,0.7672,0.3213
27019090503,0.0407,2561.0,0.0,0.0,0.0,0.0608,0.3774,0.5617,0.0067
27145011000,0.4255,3943.0,0.0,0.0,0.0,0.3186,0.499,0.1508,0.6647
27145010900,0.6834,3530.0,0.0,0.0,0.0,0.6353,0.6854,0.3055,0.7589
27145000602,0.815,2942.0,0.0,0.0,0.0,0.9138,0.8123,0.4603,0.4983
27145010402,0.5317,4220.0,0.0,0.0,0.0,0.4375,0.4716,0.0927,0.8297
27145010500,0.3554,3732.0,0.0,0.0,0.0,0.3373,0.5905,0.0801,0.3975
27145010401,0.2398,3638.0,0.0,0.0,0.0,0.1102,0.1764,0.0207,0.7268
27145011500,0.8784,6753.0,0.0,0.0,0.0,0.8778,0.8831,0.3809,0.7989
27053000300,0.652,3232.0,0.0,0.0,0.0,0.8216,0.6627,0.8052,0.2311
27053000601,0.3828,4367.0,0.0,0.0,0.0,0.3621,0.1723,0.6878,0.497
27053000603,0.0595,3366.0,0.0,0.0,0.0,0.0962,0.0307,0.6184,0.1256
27053001100,0.7675,2209.0,0.0,0.0,0.0,0.7776,0.666,0.8406,0.6413
27053001700,0.6747,2030.0,0.0,0.0,0.0,0.9038,0.1256,0.7625,0.5084
27053002200,0.9372,1499.0,0.0,0.0,0.0,0.998,0.8624,0.994,0.5805
27145000601,0.7882,3466.0,0.0,0.0,0.0,0.6406,0.8711,0.7525,0.7408
27145000701,0.5591,2585.0,0.0,0.0,0.0,0.4943,0.8016,0.6004,0.3808
27145000801,0.827,3521.0,0.0,0.0,0.0,0.7829,0.6126,0.6424,0.8891
27145010200,0.0929,5870.0,0.0,0.0,0.0,0.175,0.0701,0.0527,0.2111
27145010403,0.177,3136.0,0.0,0.0,0.0,0.1877,0.1877,0.0013,0.346
27145010600,0.6947,4420.0,0.0,0.0,0.0,0.6219,0.6139,0.515,0.7709
27145011302,0.4796,7143.0,0.0,0.0,0.0,0.5538,0.2772,0.1207,0.6653
27145011400,0.4442,5070.0,0.0,0.0,0.0,0.4669,0.2605,0.5183,0.5331
27145000301,0.9446,3407.0,0.0,0.0,0.0,0.9232,0.8383,0.8532,0.9305
27053003200,0.8978,2136.0,0.0,0.0,0.0,0.9532,0.9232,0.978,0.4375
27053003300,0.9906,2738.0,0.0,0.0,0.0,0.9793,0.9653,0.996,0.9058
27053005901,0.992,3007.0,0.0,0.0,0.0,0.984,0.823,0.8913,0.9973
27053005902,0.998,3558.0,0.0,0.0,0.0,1.0,0.988,0.9793,0.9806
27053006800,0.8778,3859.0,0.0,0.0,0.0,0.9693,0.3941,0.8999,0.7595
27053026202,0.2371,2869.0,0.0,0.0,0.0,0.143,0.7428,0.4897,0.1329
27053023903,0.2552,3201.0,0.0,0.0,0.0,0.1029,0.8049,0.7131,0.1343
27053007700,0.5311,5644.0,0.0,0.0,0.0,0.7889,0.018,0.8672,0.5705
27053008200,0.9472,4121.0,0.0,0.0,0.0,0.9686,0.6192,0.9233,0.9512
27053008300,0.9826,1913.0,0.0,0.0,0.0,0.9786,0.9713,0.956,0.8444
27053008400,0.9238,2309.0,0.0,0.0,0.0,0.8711,0.8524,0.9373,0.8925
27053008500,0.8497,3878.0,0.0,0.0,0.0,0.9432,0.8584,0.9206,0.348
27053009600,0.8417,3284.0,0.0,0.0,0.0,0.9025,0.7168,0.8712,0.5752
27053010600,0.1002,3215.0,0.0,0.0,0.0,0.2478,0.0929,0.2528,0.1069
27053011000,0.3347,3740.0,0.0,0.0,0.0,0.3226,0.4061,0.7779,0.2398
27053011703,0.0154,3944.0,0.0,0.0,0.0,0.0481,0.1496,0.3336,0.0107
27053011704,0.0341,3258.0,0.0,0.0,0.0,0.0294,0.1196,0.2762,0.1022
27053011800,0.1777,4600.0,0.0,0.0,0.0,0.3814,0.2358,0.445,0.0548
27053011998,0.1817,4014.0,0.0,0.0,0.0,0.149,0.1516,0.493,0.2846
27053026013,0.0374,5205.0,0.0,0.0,0.0,0.0461,0.1383,0.7051,0.0287
27053026014,0.2077,5237.0,0.0,0.0,0.0,0.1236,0.4462,0.5617,0.2057
27145011600,0.6767,2612.0,0.0,0.0,0.0,0.8317,0.1323,0.7292,0.6987
27053025100,0.8577,3428.0,0.0,0.0,0.0,0.9325,0.3881,0.8839,0.7882
27053025201,0.9599,5367.0,0.0,0.0,0.0,0.9719,0.6346,0.9526,0.9646
27053025205,0.7929,5361.0,0.0,0.0,0.0,0.7261,0.7629,0.934,0.666
27053012001,0.1269,6247.0,0.0,0.0,0.0,0.0848,0.2231,0.5684,0.1737
27053012003,0.8677,5762.0,0.0,0.0,0.0,0.8076,0.8651,0.7765,0.7869
27053012101,0.9873,3150.0,0.0,0.0,0.0,0.9459,0.9633,0.8619,0.976
27053020101,0.0969,3253.0,0.0,0.0,0.0,0.014,0.5377,0.3055,0.1583
27053020102,0.326,2420.0,0.0,0.0,0.0,0.1156,0.5792,0.1508,0.6613
27053020301,0.7929,2787.0,0.0,0.0,0.0,0.5611,0.827,0.9506,0.8317
27053020303,0.7923,4210.0,0.0,0.0,0.0,0.7655,0.8611,0.9386,0.489
27053020304,0.9546,3959.0,0.0,0.0,0.0,0.9713,0.8577,0.952,0.839
27053026611,0.6346,4845.0,0.0,0.0,0.0,0.6653,0.4903,0.6911,0.5451
27053026707,0.332,5427.0,0.0,0.0,0.0,0.32,0.1563,0.6991,0.4382
27155460100,0.7001,2074.0,0.0,0.0,0.0,0.4903,0.8497,0.3556,0.8243
27155460200,0.5397,1271.0,0.0,0.0,0.0,0.4863,0.4689,0.5797,0.5878
27053020400,0.9265,5366.0,0.0,0.0,0.0,0.9826,0.857,0.942,0.6473
27053020500,0.5685,3734.0,0.0,0.0,0.0,0.5798,0.5571,0.938,0.356
27053020600,0.7408,2053.0,0.0,0.0,0.0,0.8417,0.9305,0.9333,0.1663
27053020700,0.5277,4261.0,0.0,0.0,0.0,0.4222,0.4816,0.7779,0.5364
27037060816,0.0261,7238.0,0.0,0.0,0.0,0.0187,0.1263,0.535,0.0474
27053023401,0.7709,4713.0,0.0,0.0,0.0,0.6466,0.9252,0.8759,0.5397
27053026724,0.1617,4089.0,0.0,0.0,0.0,0.0835,0.0367,0.8346,0.3935
27053027204,0.0728,3407.0,0.0,0.0,0.0,0.0615,0.1149,0.0267,0.2572
27053026616,0.0501,10546.0,0.0,0.0,0.0,0.0548,0.1844,0.9073,0.0194
27053027702,0.0548,1956.0,0.0,0.0,0.0,0.161,0.0708,0.3936,0.0608
27053023202,0.825,4056.0,0.0,0.0,0.0,0.7522,0.8951,0.9486,0.5758
27053026617,0.501,1821.0,0.0,0.0,0.0,0.2892,0.9158,0.7598,0.2786
27053027701,0.0301,3896.0,0.0,0.0,0.0,0.1149,0.0568,0.0013,0.0929
27053026023,0.2578,3829.0,0.0,0.0,0.0,0.3066,0.3013,0.7498,0.143
27053026825,0.2605,2871.0,0.0,0.0,0.0,0.3841,0.6967,0.8819,0.0114
27053026515,0.3848,1997.0,0.0,0.0,0.0,0.1924,0.3841,0.6498,0.6059
27053025703,0.5391,2238.0,0.0,0.0,0.0,0.2138,0.5965,0.7025,0.7916
27053026028,0.0187,3308.0,0.0,0.0,0.0,0.02,0.1102,0.8159,0.0114
27053104002,0.4302,4550.0,0.0,0.0,0.0,0.8136,0.0094,0.7899,0.4068
27053980100,0.7395,323.0,0.0,0.0,0.0,0.9245,0.0748,0.7712,0.7348
27053003801,0.7054,2758.0,0.0,0.0,0.0,0.9085,0.0334,0.8419,0.7475
27037060819,0.0334,6522.0,0.0,0.0,0.0,0.0087,0.1242,0.4897,0.1009
27131070902,0.9913,3590.0,7.0,1.9498607242339832,1.0817579571131275,0.996,0.8925,0.8766,0.9693
27131070601,0.8624,3939.0,3.0,0.7616146230007617,0.566230787928643,0.7802,0.8971,0.6838,0.7896
27131070501,0.2204,4181.0,11.0,2.630949533604401,1.2894941935761501,0.4162,0.0107,0.7218,0.316
27025110202,0.5518,4175.0,0.0,0.0,0.0,0.656,0.4963,0.2635,0.4843
27025110201,0.8611,2635.0,0.0,0.0,0.0,0.8424,0.2705,0.7238,0.986
27025110503,0.35,4600.0,0.0,0.0,0.0,0.3333,0.2458,0.0187,0.6627
27025110403,0.0488,5135.0,0.0,0.0,0.0,0.0735,0.4322,0.006,0.0508
27025110404,0.4021,4212.0,0.0,0.0,0.0,0.3313,0.4536,0.2115,0.5785
27025110504,0.5952,2362.0,0.0,0.0,0.0,0.6453,0.2057,0.3002,0.8377
27131070901,0.9566,5983.0,2.0,0.33428046130703665,0.2883921662557671,0.8183,0.9673,0.7592,0.9786
27131070503,0.0307,3242.0,0.0,0.0,0.0,0.0982,0.2011,0.2215,0.02
27131070602,0.3814,5217.0,9.0,1.7251293847038527,1.0025159076133052,0.4582,0.0207,0.4777,0.8029
27131070504,0.6566,3821.0,5.0,1.3085579691180318,0.836623073811867,0.7415,0.5638,0.6184,0.4683
27037061401,0.0367,3029.0,0.0,0.0,0.0,0.0474,0.1122,0.0434,0.1329
27059130303,0.4923,5449.0,0.0,0.0,0.0,0.4469,0.6399,0.2842,0.5104
27059130304,0.5377,4335.0,0.0,0.0,0.0,0.6733,0.6246,0.1681,0.3854
27037060732,0.1015,5436.0,0.0,0.0,0.0,0.1323,0.3641,0.547,0.0441
27013171202,0.9178,7285.0,0.0,0.0,0.0,0.9218,0.3527,0.7078,0.998
27013171600,0.5498,3862.0,0.0,0.0,0.0,0.3393,0.1483,0.3642,0.9793
27013171101,0.7422,6166.0,0.0,0.0,0.0,0.8003,0.2204,0.523,0.8918
27141030503,0.3841,6369.0,0.0,0.0,0.0,0.4255,0.1096,0.6144,0.5605
27141031500,0.9766,7688.0,0.0,0.0,0.0,0.9452,0.9566,0.8746,0.9399
27077460300,0.6086,1670.0,0.0,0.0,0.0,0.4803,0.7936,0.2528,0.6907
27009021102,0.6266,4615.0,0.0,0.0,0.0,0.5965,0.4756,0.5197,0.7027
27009020206,0.7609,2628.0,0.0,0.0,0.0,0.6754,0.5391,0.2295,0.9766
27009020205,0.2385,3397.0,0.0,0.0,0.0,0.4342,0.0414,0.0207,0.4536
27009020203,0.0962,2773.0,0.0,0.0,0.0,0.1042,0.1476,0.1207,0.2224
27161790500,0.9726,4122.0,0.0,0.0,0.0,0.9419,0.9272,0.7572,0.9706
27123040102,0.1643,4424.0,0.0,0.0,0.0,0.0073,0.497,0.3002,0.3834
27123040804,0.3654,2174.0,0.0,0.0,0.0,0.1723,0.2645,0.2528,0.8277
27123040101,0.0915,2667.0,0.0,0.0,0.0,0.1931,0.0675,0.3002,0.1389
27123040708,0.5878,4041.0,0.0,0.0,0.0,0.3287,0.9165,0.8212,0.4302
27123040709,0.169,3259.0,0.0,0.0,0.0,0.0855,0.2164,0.433,0.3086
27123040605,0.5678,3682.0,0.0,0.0,0.0,0.6727,0.4168,0.4616,0.4876
27123037604,0.9312,2249.0,0.0,0.0,0.0,0.821,0.9746,0.8486,0.8591
27123040606,0.6466,3321.0,0.0,0.0,0.0,0.5458,0.7401,0.8712,0.499
27123034204,0.7816,2457.0,0.0,0.0,0.0,0.6613,0.4188,0.7318,0.9626
27123034203,0.4389,2259.0,0.0,0.0,0.0,0.6112,0.0795,0.6278,0.4823
27123043002,0.175,1773.0,0.0,0.0,0.0,0.2077,0.0127,0.2168,0.6279
27123043001,0.2933,4401.0,0.0,0.0,0.0,0.2318,0.3975,0.3382,0.3861
27123040805,0.1055,4440.0,0.0,0.0,0.0,0.1263,0.0247,0.433,0.33
27123037603,0.99,3588.0,0.0,0.0,0.0,0.9098,0.9586,0.974,0.9853
27025110100,0.2799,4245.0,0.0,0.0,0.0,0.4977,0.0942,0.1681,0.3567
27025110600,0.0648,5561.0,0.0,0.0,0.0,0.1049,0.2331,0.3336,0.0521
27025110700,0.4275,4248.0,0.0,0.0,0.0,0.4709,0.4122,0.4043,0.4289
27049080201,0.8711,3019.0,1.0,0.33123550844650546,0.28610746474236226,0.7796,0.7275,0.5597,0.9572
27049080202,0.7742,4322.0,1.0,0.23137436372049977,0.2081309144708032,0.8644,0.4269,0.521,0.7802
27003051600,0.0788,5265.0,0.0,0.0,0.0,0.1817,0.0688,0.1448,0.149
27053025906,0.4977,5989.0,0.0,0.0,0.0,0.4536,0.6079,0.7171,0.3841
27053024100,0.318,3292.0,0.0,0.0,0.0,0.348,0.1216,0.6658,0.4162
27053026706,0.0414,3280.0,0.0,0.0,0.0,0.0281,0.2585,0.553,0.0387
27053002700,0.9299,2844.0,0.0,0.0,0.0,0.9639,0.9279,0.986,0.5932
27053102500,0.7321,2828.0,0.0,0.0,0.0,0.7114,0.8176,0.8112,0.4556
27053026514,0.2732,5182.0,0.0,0.0,0.0,0.0581,0.4355,0.7805,0.4322
27053027400,0.1389,4414.0,0.0,0.0,0.0,0.0267,0.324,0.1107,0.3968
27053024903,0.9452,2300.0,0.0,0.0,0.0,0.9352,0.9432,0.956,0.7756
27053108600,0.7916,2944.0,0.0,0.0,0.0,0.9552,0.2525,0.8906,0.5711
27053100700,0.8697,3356.0,0.0,0.0,0.0,0.9599,0.9112,0.9513,0.2986
27053026809,0.9252,5270.0,0.0,0.0,0.0,0.9526,0.7615,0.9953,0.811
27053027504,0.1536,3483.0,0.0,0.0,0.0,0.0595,0.489,0.2455,0.2098
27053008100,0.5885,3959.0,0.0,0.0,0.0,0.7842,0.1222,0.7405,0.5224
27053025802,0.2438,2440.0,0.0,0.0,0.0,0.1937,0.3113,0.5877,0.2465
27053020302,0.9686,2805.0,0.0,0.0,0.0,0.8838,0.9486,0.9633,0.9586
27003050609,0.4248,3564.0,0.0,0.0,0.0,0.2926,0.6092,0.5744,0.4369
27021960100,0.819,2044.0,0.0,0.0,0.0,0.8624,0.6633,0.4683,0.7776
27021940001,0.8804,3856.0,0.0,0.0,0.0,0.819,0.7575,0.6878,0.9205
27021960600,0.6914,3178.0,0.0,0.0,0.0,0.811,0.3928,0.3429,0.7128
27021960200,0.6386,2552.0,0.0,0.0,0.0,0.827,0.5251,0.6878,0.2999
27021960700,0.7715,4503.0,0.0,0.0,0.0,0.7809,0.5912,0.3142,0.8751
27021940002,0.9833,3290.0,0.0,0.0,0.0,0.9866,0.9526,0.9793,0.8617
27047180700,0.684,2520.0,0.0,0.0,0.0,0.3788,0.8156,0.4877,0.8677
27047180200,0.4048,2761.0,0.0,0.0,0.0,0.5651,0.4569,0.2702,0.2852
27047180400,0.69,3355.0,0.0,0.0,0.0,0.7088,0.328,0.3142,0.8744
27047181000,0.2405,2114.0,0.0,0.0,0.0,0.3574,0.3941,0.2762,0.1396
27047180100,0.2999,2684.0,0.0,0.0,0.0,0.3901,0.3594,0.2675,0.2665
27047180300,0.4081,3244.0,0.0,0.0,0.0,0.34,0.6961,0.2342,0.4175
27041450702,0.7689,2771.0,0.0,0.0,0.0,0.7221,0.9572,0.3002,0.5838
27061480500,0.841,2687.0,0.0,0.0,0.0,0.8951,0.8764,0.435,0.6012
27061480600,0.328,2664.0,0.0,0.0,0.0,0.4609,0.4669,0.2608,0.2318
27061480403,0.173,1062.0,0.0,0.0,0.0,0.024,0.3507,0.1828,0.4582
27061480303,0.1096,840.0,0.0,0.0,0.0,0.3474,0.0541,0.008,0.1503
27061940000,0.7061,2634.0,0.0,0.0,0.0,0.8517,0.2859,0.7512,0.5605
27137015600,0.8236,2850.0,0.0,0.0,0.0,0.986,0.5651,0.6744,0.4496
27137015700,0.4489,5009.0,0.0,0.0,0.0,0.7849,0.0047,0.523,0.7448
27137015800,0.8029,3678.0,0.0,0.0,0.0,0.8758,0.7114,0.2895,0.7341
27015960200,0.3901,4906.0,0.0,0.0,0.0,0.4983,0.1697,0.1448,0.6032
27033270200,0.5605,2324.0,0.0,0.0,0.0,0.6359,0.5959,0.3456,0.4509
27033270100,0.8951,2494.0,0.0,0.0,0.0,0.7328,0.984,0.6638,0.8243
27033270300,0.4542,3557.0,0.0,0.0,0.0,0.4415,0.5311,0.2528,0.5277
27033270400,0.8931,3106.0,0.0,0.0,0.0,0.7769,0.9666,0.6945,0.7956
27053012102,0.1162,3223.0,0.0,0.0,0.0,0.3988,0.0995,0.6518,0.022
27053026811,0.7896,5601.0,0.0,0.0,0.0,0.6693,0.978,0.9573,0.4015
27053100800,0.8764,4235.0,0.0,0.0,0.0,0.8831,0.8811,0.9593,0.523
27053024004,0.8096,4336.0,0.0,0.0,0.0,0.5778,0.9125,0.5844,0.8737
27053025801,0.6553,3330.0,0.0,0.0,0.0,0.8363,0.3741,0.6778,0.4275
27053026015,0.1556,4939.0,0.0,0.0,0.0,0.1242,0.5932,0.7865,0.0347
27053027300,0.2351,4365.0,0.0,0.0,0.0,0.1543,0.3246,0.3456,0.3467
27053027503,0.0975,4239.0,0.0,0.0,0.0,0.2285,0.3206,0.3642,0.024
27053109200,0.519,3417.0,0.0,0.0,0.0,0.3654,0.1583,0.6604,0.8637
27053007801,0.9893,1862.0,0.0,0.0,0.0,0.9987,0.8116,0.9807,0.9639
27053106000,0.9973,2974.0,0.0,0.0,0.0,0.9973,0.9967,0.99,0.9606
27053022400,0.4329,3867.0,0.0,0.0,0.0,0.338,0.2665,0.7432,0.5371
27053101600,0.9806,2794.0,0.0,0.0,0.0,0.9993,0.9833,0.9887,0.6733
27053101800,0.7468,4158.0,0.0,0.0,0.0,0.8818,0.1737,0.8946,0.68
27053102000,0.8844,2137.0,0.0,0.0,0.0,0.8504,0.8731,0.9293,0.688
27083360200,0.334,3226.0,0.0,0.0,0.0,0.2492,0.5691,0.3756,0.3574
27083360100,0.65,3565.0,0.0,0.0,0.0,0.5077,0.7829,0.2702,0.7729
27083360500,0.9499,3989.0,0.0,0.0,0.0,0.8444,0.8771,0.6398,0.996
27083360300,0.8016,5284.0,0.0,0.0,0.0,0.7669,0.8911,0.7525,0.5371
27083360600,0.3407,2702.0,0.0,0.0,0.0,0.3627,0.4449,0.1508,0.4115
27083360700,0.8818,2028.0,0.0,0.0,0.0,0.7989,0.9092,0.6591,0.8263
27083360400,0.8945,4558.0,0.0,0.0,0.0,0.7061,0.9466,0.547,0.9552
27035951200,0.8163,3159.0,0.0,0.0,0.0,0.825,0.7315,0.0981,0.9065
27035951100,0.9392,4950.0,0.0,0.0,0.0,0.9265,0.8143,0.4029,0.9846
27035951600,0.656,2461.0,0.0,0.0,0.0,0.7789,0.7916,0.1448,0.4355
27109002300,0.1356,6048.0,1.0,0.16534391534391535,0.15301624975664652,0.0274,0.2846,0.4136,0.2926
27123030202,0.479,2019.0,0.0,0.0,0.0,0.6393,0.0214,0.8819,0.6293
27123042503,0.2679,2974.0,0.0,0.0,0.0,0.2986,0.1523,0.8692,0.2278
27145000303,0.5451,2639.0,0.0,0.0,0.0,0.8684,0.0007,0.7478,0.8236
27145011202,0.356,3288.0,0.0,0.0,0.0,0.5685,0.3173,0.034,0.322
27145011307,0.4482,1005.0,0.0,0.0,0.0,0.7001,0.163,0.5337,0.3353
27145011306,0.1677,2570.0,0.0,0.0,0.0,0.2739,0.2725,0.058,0.1463
27145011305,0.1977,3510.0,0.0,0.0,0.0,0.3861,0.0474,0.2895,0.2632
27145011308,0.8323,6804.0,0.0,0.0,0.0,0.7435,0.672,0.5771,0.9339
27123030500,0.9773,6160.0,0.0,0.0,0.0,0.9299,0.9733,0.9867,0.9118
27123030602,0.8751,4205.0,0.0,0.0,0.0,0.8864,0.8691,0.9153,0.5598
27123030800,0.9225,5276.0,0.0,0.0,0.0,0.9673,0.9245,0.9546,0.5658
27123030900,0.8083,4291.0,0.0,0.0,0.0,0.8577,0.7261,0.964,0.4903
27123031000,0.9279,4434.0,0.0,0.0,0.0,0.9953,0.7562,0.962,0.6767
27123031100,0.8156,4118.0,0.0,0.0,0.0,0.7442,0.9579,0.9493,0.4349
27123031200,0.5271,3107.0,0.0,0.0,0.0,0.658,0.1236,0.8245,0.5023
27123031400,0.9539,3202.0,0.0,0.0,0.0,0.9633,0.9853,0.9713,0.6019
27163070911,0.5371,4326.0,0.0,0.0,0.0,0.4195,0.7963,0.8272,0.3233
27123040302,0.5197,5223.0,0.0,0.0,0.0,0.2912,0.8945,0.6051,0.4055
27123040401,0.3287,3559.0,0.0,0.0,0.0,0.3133,0.3634,0.4743,0.3594
27123040502,0.6613,2720.0,0.0,0.0,0.0,0.497,0.9706,0.3296,0.4716
27123040503,0.3761,3454.0,0.0,0.0,0.0,0.4282,0.4749,0.6097,0.2599
27123031701,0.9018,2927.0,0.0,0.0,0.0,0.9332,0.9365,0.9813,0.501
27123031702,0.9479,6680.0,0.0,0.0,0.0,0.9739,0.8758,0.9907,0.7609
27123030201,0.5564,5550.0,0.0,0.0,0.0,0.5264,0.5017,0.6144,0.5311
27123042504,0.6059,4443.0,0.0,0.0,0.0,0.3113,0.6453,0.8692,0.7615
27123034201,0.7128,3638.0,0.0,0.0,0.0,0.7822,0.0741,0.7885,0.8931
27123042800,0.9987,2994.0,0.0,0.0,0.0,0.9766,0.996,0.992,0.9953
27123040901,0.668,2104.0,0.0,0.0,0.0,0.7896,0.4335,0.7525,0.4643
27123040902,0.9399,4331.0,0.0,0.0,0.0,0.8457,0.9085,0.9179,0.9419
27123041001,0.4041,3344.0,0.0,0.0,0.0,0.2685,0.4375,0.3989,0.6086
27123041002,0.6306,3370.0,0.0,0.0,0.0,0.6232,0.5411,0.8819,0.4689
27123042900,0.2692,4279.0,0.0,0.0,0.0,0.2719,0.0528,0.6518,0.4589
27123041104,0.2505,3238.0,0.0,0.0,0.0,0.0929,0.4081,0.6878,0.3614
27123031500,0.9339,3145.0,0.0,0.0,0.0,0.9773,0.9011,0.982,0.6052
27123031600,0.9699,4251.0,0.0,0.0,0.0,0.9559,0.9699,0.9873,0.8216
27123031801,0.9559,6248.0,0.0,0.0,0.0,0.9125,0.8891,0.966,0.9145
27123031802,0.8904,4094.0,0.0,0.0,0.0,0.9238,0.7909,0.936,0.6546
27123031900,0.7214,2506.0,0.0,0.0,0.0,0.827,0.0301,0.7552,0.9432
27123032000,0.3894,2717.0,0.0,0.0,0.0,0.4582,0.487,0.3909,0.3173
27123032200,0.5364,2349.0,0.0,0.0,0.0,0.3387,0.4061,0.6278,0.7662
27123032300,0.5838,3897.0,0.0,0.0,0.0,0.5678,0.3854,0.8379,0.5524
27123032500,0.9118,3937.0,0.0,0.0,0.0,0.9813,0.6733,0.954,0.7315
27123032600,0.9613,2619.0,0.0,0.0,0.0,0.9833,0.7662,0.9767,0.8844
27123032700,0.9733,3052.0,0.0,0.0,0.0,0.8971,0.9927,0.988,0.8804
27123040504,0.6359,4122.0,0.0,0.0,0.0,0.6126,0.5538,0.6458,0.6106
27123040601,0.4035,5672.0,0.0,0.0,0.0,0.2051,0.7669,0.493,0.4188
27123040603,0.181,5861.0,0.0,0.0,0.0,0.2405,0.4596,0.6311,0.0501
27123040704,0.6593,5324.0,0.0,0.0,0.0,0.4923,0.6566,0.6658,0.7582
27123040705,0.2812,4043.0,0.0,0.0,0.0,0.3781,0.356,0.6551,0.1409
27123041105,0.5658,6090.0,0.0,0.0,0.0,0.4636,0.9559,0.7171,0.2037
27123041106,0.2986,3571.0,0.0,0.0,0.0,0.2017,0.5718,0.7525,0.2031
27123041107,0.7562,6244.0,0.0,0.0,0.0,0.5658,0.7629,0.8986,0.817
27123041200,0.9693,3998.0,0.0,0.0,0.0,0.8383,0.8724,0.8639,0.9993
27123041301,0.5805,3931.0,0.0,0.0,0.0,0.2846,0.6045,0.7478,0.8043
27123033000,0.9866,2112.0,0.0,0.0,0.0,0.9078,0.9813,0.9433,0.9733
27123033200,0.8851,3404.0,0.0,0.0,0.0,0.8524,0.5444,0.8039,0.9479
27123033300,0.6012,3156.0,0.0,0.0,0.0,0.7401,0.2318,0.5317,0.5972
27123033400,0.8884,3288.0,0.0,0.0,0.0,0.9626,0.3226,0.8079,0.8798
27123033500,0.821,3244.0,0.0,0.0,0.0,0.7722,0.7882,0.976,0.658
27123033600,0.9706,2253.0,0.0,0.0,0.0,0.9913,0.8437,0.9993,0.8945
27123033700,0.9953,1662.0,0.0,0.0,0.0,0.992,0.9933,0.9853,0.9726
27123033900,0.9158,1506.0,0.0,0.0,0.0,0.9426,0.9599,0.944,0.5137
27123034000,0.7488,1840.0,0.0,0.0,0.0,0.7869,0.4295,0.7325,0.7548
27053026021,0.0421,3764.0,0.0,0.0,0.0,0.0675,0.0608,0.6237,0.0768
27053026019,0.6934,4747.0,0.0,0.0,0.0,0.6486,0.2926,0.9693,0.7669
27053026104,0.3193,4521.0,0.0,0.0,0.0,0.4562,0.5498,0.7432,0.0822
27053024006,0.2639,2159.0,0.0,0.0,0.0,0.1643,0.3427,0.547,0.3534
27053026020,0.8637,4972.0,0.0,0.0,0.0,0.8577,0.6232,0.8386,0.8357
27019090601,0.2091,4050.0,0.0,0.0,0.0,0.505,0.1109,0.4243,0.1062
27019090602,0.0047,3173.0,0.0,0.0,0.0,0.0915,0.0574,0.1074,0.0
27053026823,0.2993,4836.0,0.0,0.0,0.0,0.2759,0.2512,0.9246,0.2411
27053026822,0.3707,4912.0,0.0,0.0,0.0,0.153,0.7154,0.8145,0.3634
27053026103,0.2445,3427.0,0.0,0.0,0.0,0.1256,0.6059,0.7131,0.175
27053125800,0.988,4828.0,0.0,0.0,0.0,0.9947,0.9178,0.9693,0.9245
27053125700,0.9579,3781.0,0.0,0.0,0.0,0.9706,0.9873,0.9746,0.5671
27053125600,0.7221,3675.0,0.0,0.0,0.0,0.855,0.0461,0.7612,0.8724
27037060834,0.0895,2759.0,0.0,0.0,0.0,0.157,0.0554,0.521,0.1283
27037061112,0.0287,3307.0,0.0,0.0,0.0,0.1096,0.0548,0.2295,0.0528
27037061011,0.0848,2503.0,0.0,0.0,0.0,0.0741,0.1356,0.4616,0.1563
27037060831,0.0688,7515.0,0.0,0.0,0.0,0.0214,0.336,0.6718,0.0568
27037060838,0.5418,3926.0,0.0,0.0,0.0,0.8303,0.7602,0.507,0.0755
27037060751,0.0468,2572.0,0.0,0.0,0.0,0.3941,0.008,0.4503,0.0421
27037060833,0.4269,4504.0,0.0,0.0,0.0,0.503,0.4208,0.6351,0.2979
27037060839,0.358,4535.0,0.0,0.0,0.0,0.0715,0.4997,0.7952,0.6212
27103480600,0.4215,3632.0,0.0,0.0,0.0,0.6045,0.1503,0.3382,0.4623
27167950100,0.3173,3094.0,0.0,0.0,0.0,0.2745,0.155,0.3296,0.6005
27167950200,0.7695,3360.0,0.0,0.0,0.0,0.7582,0.7088,0.1681,0.8831
27145000901,0.8744,4105.0,0.0,0.0,0.0,0.8103,0.6119,0.5517,0.978
27037060754,0.5117,4958.0,0.0,0.0,0.0,0.6326,0.67,0.8079,0.169
27037060752,0.0013,3157.0,0.0,0.0,0.0,0.018,0.016,0.2295,0.0187
27037060840,0.0207,3523.0,0.0,0.0,0.0,0.012,0.1804,0.3989,0.0394
27037061010,0.008,3656.0,0.0,0.0,0.0,0.0067,0.2338,0.4897,0.0
27037060753,0.5598,2486.0,0.0,0.0,0.0,0.3046,0.5104,0.9006,0.7214
27037061109,0.6426,3654.0,0.0,0.0,0.0,0.4623,0.5204,0.4683,0.8878
27037061111,0.183,2906.0,0.0,0.0,0.0,0.2098,0.2812,0.2702,0.191
27037060832,0.32,6362.0,0.0,0.0,0.0,0.356,0.3901,0.6024,0.2238
27059130502,0.509,8035.0,0.0,0.0,0.0,0.7422,0.7021,0.2762,0.1764
27071790300,0.491,2803.0,0.0,0.0,0.0,0.6052,0.4522,0.1588,0.483
27103480200,0.4095,6280.0,0.0,0.0,0.0,0.2224,0.344,0.4109,0.7488
27103480501,0.3701,6356.0,0.0,0.0,0.0,0.2198,0.6874,0.2455,0.4723
27103480100,0.0708,3472.0,0.0,0.0,0.0,0.0748,0.1617,0.0394,0.1917
27103480300,0.839,4982.0,0.0,0.0,0.0,0.7074,0.7802,0.6237,0.9218
27103480400,0.7508,6146.0,0.0,0.0,0.0,0.6293,0.6386,0.6184,0.8717
27071790500,0.5344,2069.0,0.0,0.0,0.0,0.4696,0.7047,0.2115,0.5685
27071790100,0.8049,2179.0,0.0,0.0,0.0,0.8016,0.8864,0.3055,0.7014
27151960400,0.8537,2175.0,0.0,0.0,0.0,0.7762,0.9499,0.4043,0.7842
27151960300,0.2378,1567.0,0.0,0.0,0.0,0.4269,0.6379,0.1508,0.0561
27151960100,0.8403,2510.0,0.0,0.0,0.0,0.8243,0.8717,0.5597,0.7168
27151960200,0.6994,3554.0,0.0,0.0,0.0,0.6399,0.8637,0.3235,0.6232
27163070910,0.8116,5363.0,0.0,0.0,0.0,0.6259,0.833,0.6684,0.8778
27163071001,0.7582,5620.0,0.0,0.0,0.0,0.7081,0.8417,0.8286,0.5498
27163071003,0.8297,4163.0,0.0,0.0,0.0,0.8203,0.8697,0.7652,0.6025
27163071006,0.3868,5135.0,0.0,0.0,0.0,0.3413,0.2091,0.8225,0.4502
27163071010,0.0908,5158.0,0.0,0.0,0.0,0.1182,0.0595,0.527,0.173
27163071011,0.0775,2991.0,0.0,0.0,0.0,0.1136,0.3327,0.5243,0.0327
27163071012,0.2532,4793.0,0.0,0.0,0.0,0.4275,0.183,0.6838,0.1263
27163071013,0.2899,5814.0,0.0,0.0,0.0,0.1844,0.3874,0.5057,0.3821
27163071016,0.0675,4577.0,0.0,0.0,0.0,0.187,0.2953,0.5123,0.0053
27163071101,0.1483,3540.0,0.0,0.0,0.0,0.2211,0.2966,0.2635,0.1042
27163071207,0.1971,9394.0,0.0,0.0,0.0,0.165,0.4836,0.5977,0.1209
27163071208,0.4589,6226.0,0.0,0.0,0.0,0.4656,0.6333,0.7325,0.2659
27163071300,0.5571,5478.0,0.0,0.0,0.0,0.4596,0.6834,0.6945,0.4669
27163070404,0.0127,3835.0,0.0,0.0,0.0,0.004,0.1329,0.1901,0.0581
27149480200,0.6627,3652.0,0.0,0.0,0.0,0.5865,0.2365,0.5917,0.9165
27149480300,0.7067,3566.0,0.0,0.0,0.0,0.5665,0.8096,0.4243,0.7649
27149480100,0.4395,2464.0,0.0,0.0,0.0,0.2552,0.7141,0.3102,0.5357
27099000900,0.6707,4474.0,0.0,0.0,0.0,0.1971,0.9238,0.7171,0.8497
27099001300,0.507,4411.0,0.0,0.0,0.0,0.336,0.7268,0.1588,0.6827
27099000800,0.8317,4102.0,0.0,0.0,0.0,0.8049,0.9118,0.8606,0.5177
27099000200,0.857,3552.0,1.0,0.28153153153153154,0.24805587169410617,0.7602,0.9626,0.7218,0.6566
27099001000,0.2465,3527.0,0.0,0.0,0.0,0.3921,0.2452,0.1074,0.2438
27099000410,0.9713,4980.0,0.0,0.0,0.0,0.823,0.986,0.8959,0.9813
27099001400,0.3741,3424.0,0.0,0.0,0.0,0.2599,0.505,0.0474,0.6553
27099000100,0.9031,2382.0,0.0,0.0,0.0,0.7154,0.9546,0.7645,0.9319
27099001200,0.3647,1949.0,0.0,0.0,0.0,0.4148,0.2839,0.2762,0.4616
27099000600,0.5792,3272.0,0.0,0.0,0.0,0.6433,0.8029,0.8185,0.1997
27099000300,0.8277,4009.0,0.0,0.0,0.0,0.839,0.8464,0.7839,0.5772
27059130200,0.829,3499.0,0.0,0.0,0.0,0.8958,0.4876,0.4216,0.8624
27059130600,0.2231,4052.0,0.0,0.0,0.0,0.2418,0.4102,0.0667,0.2418
27059130100,0.3153,3805.0,0.0,0.0,0.0,0.4796,0.3781,0.2215,0.2378
27059130400,0.2745,3881.0,0.0,0.0,0.0,0.31,0.3033,0.2455,0.3166
27161790300,0.2064,3168.0,0.0,0.0,0.0,0.4008,0.4395,0.1147,0.0868
27023950300,0.7301,1967.0,0.0,0.0,0.0,0.7635,0.4556,0.3489,0.8383
27023950500,0.7776,2171.0,0.0,0.0,0.0,0.7983,0.849,0.5384,0.5745
27023950400,0.7034,2405.0,0.0,0.0,0.0,0.684,0.9225,0.3102,0.4756
27075370400,0.7328,3781.0,0.0,0.0,0.0,0.7021,0.8403,0.1588,0.7301
27075370300,0.6727,2212.0,0.0,0.0,0.0,0.481,0.809,0.1748,0.8644
27161790100,0.2786,3639.0,0.0,0.0,0.0,0.3213,0.1757,0.1074,0.4656
27161790200,0.4876,2488.0,0.0,0.0,0.0,0.509,0.5752,0.1408,0.5244
27161790400,0.324,5536.0,0.0,0.0,0.0,0.3527,0.5564,0.2528,0.2578
27079950600,0.2171,4036.0,0.0,0.0,0.0,0.318,0.2933,0.0667,0.2024
27079950400,0.4476,3467.0,0.0,0.0,0.0,0.5785,0.4796,0.1588,0.4208
27079950200,0.7234,4613.0,0.0,0.0,0.0,0.6273,0.9185,0.6137,0.495
27079950500,0.67,4184.0,0.0,0.0,0.0,0.6874,0.3554,0.499,0.7889
27079950300,0.6126,4760.0,0.0,0.0,0.0,0.5919,0.5331,0.4089,0.678
27007450600,0.7281,4774.0,0.0,0.0,0.0,0.8965,0.2265,0.6811,0.6092
27037060748,0.7027,3792.0,0.0,0.0,0.0,0.6226,0.8544,0.7365,0.4803
27037060750,0.5638,4613.0,0.0,0.0,0.0,0.5384,0.6687,0.8099,0.3634
27037060743,0.4609,1508.0,0.0,0.0,0.0,0.6246,0.0855,0.9306,0.4102
27037060745,0.7475,4033.0,0.0,0.0,0.0,0.5825,0.8357,0.8406,0.6974
27037060746,0.9058,3357.0,0.0,0.0,0.0,0.809,0.9392,0.7158,0.8871
27037060905,0.4122,5582.0,0.0,0.0,0.0,0.3808,0.511,0.5297,0.3874
27037061008,0.7682,2129.0,0.0,0.0,0.0,0.6854,0.5504,0.3789,0.9559
27037060829,0.336,3492.0,0.0,0.0,0.0,0.3747,0.5291,0.9146,0.1182
27037061009,0.0735,7166.0,0.0,0.0,0.0,0.0327,0.3547,0.515,0.0782
27037060747,0.485,4170.0,0.0,0.0,0.0,0.2458,0.678,0.8612,0.4676
27037060749,0.4502,1577.0,0.0,0.0,0.0,0.4569,0.5084,0.6097,0.3814
27139080906,0.2665,5351.0,0.0,0.0,0.0,0.171,0.493,0.3722,0.3146
27035950501,0.1309,2506.0,0.0,0.0,0.0,0.3721,0.2425,0.1021,0.0488
27035950204,0.3961,1894.0,0.0,0.0,0.0,0.5605,0.3821,0.034,0.4088
27143170200,0.6192,3576.0,0.0,0.0,0.0,0.5912,0.7208,0.4283,0.5444
27143170400,0.6874,4099.0,0.0,0.0,0.0,0.5164,0.7341,0.443,0.833
27143170198,0.3166,4215.0,0.0,0.0,0.0,0.5618,0.2124,0.0894,0.2806
27143170300,0.5691,3060.0,0.0,0.0,0.0,0.4456,0.1597,0.6278,0.9071
27153790800,0.1884,1875.0,0.0,0.0,0.0,0.2024,0.1683,0.0207,0.3841
27153790200,0.7943,2708.0,0.0,0.0,0.0,0.833,0.8136,0.2382,0.7288
27153790700,0.7435,4273.0,0.0,0.0,0.0,0.815,0.6934,0.0107,0.7876
27153790600,0.9466,4326.0,0.0,0.0,0.0,0.7542,0.9773,0.8472,0.9713
27153790400,0.7462,3309.0,0.0,0.0,0.0,0.7682,0.7255,0.3209,0.7295
27153790100,0.8691,3018.0,0.0,0.0,0.0,0.817,0.9132,0.4303,0.835
27153790300,0.8617,3240.0,0.0,0.0,0.0,0.849,0.7789,0.3235,0.9138
27153790500,0.3447,2528.0,0.0,0.0,0.0,0.5371,0.159,0.0167,0.4763
27123042602,0.9225,2115.0,0.0,0.0,0.0,0.8163,0.9152,0.6825,0.9613
27123042700,0.7869,5664.0,0.0,0.0,0.0,0.7281,0.8617,0.8839,0.5337
27031480200,0.31,2148.0,0.0,0.0,0.0,0.3567,0.1677,0.1995,0.4957
27101900300,0.6379,3092.0,0.0,0.0,0.0,0.6186,0.7682,0.1354,0.66
27101900200,0.7295,3174.0,0.0,0.0,0.0,0.5377,0.9439,0.5284,0.656
27101900100,0.2178,1904.0,0.0,0.0,0.0,0.4088,0.2238,0.028,0.1824
27109002100,0.4075,6836.0,0.0,0.0,0.0,0.2311,0.2759,0.1588,0.8604
27109001703,0.1784,5184.0,0.0,0.0,0.0,0.1055,0.1002,0.6184,0.3714
27109001202,0.3126,4171.0,0.0,0.0,0.0,0.487,0.2572,0.5951,0.1797
27109002000,0.2265,6656.0,1.0,0.15024038461538464,0.1399709506317457,0.1456,0.4102,0.1681,0.3494
27109001601,0.6065,4859.0,1.0,0.20580366330520683,0.18714628513888562,0.6426,0.6947,0.7745,0.342
27109002200,0.0721,3918.0,0.0,0.0,0.0,0.0775,0.1416,0.0147,0.2178
27109000901,0.648,7438.0,0.0,0.0,0.0,0.4556,0.5878,0.6971,0.8143
27109000100,0.9572,1865.0,2.0,1.0723860589812333,0.7287006289436064,0.9446,0.7655,0.8646,0.9666
27109001203,0.1116,7224.0,0.0,0.0,0.0,0.0428,0.2398,0.6478,0.171
27109000200,0.9292,5355.0,0.0,0.0,0.0,0.9112,0.7442,0.8579,0.9359
27109000902,0.8196,3086.0,0.0,0.0,0.0,0.7615,0.7368,0.571,0.8524
27109000300,0.7989,3622.0,2.0,0.5521811154058531,0.4396611130231185,0.8484,0.7301,0.6398,0.6339
27109000400,0.4242,3004.0,0.0,0.0,0.0,0.3093,0.173,0.6478,0.7081
27109000500,0.9212,2726.0,0.0,0.0,0.0,0.9165,0.7348,0.8652,0.9158
27109000600,0.8343,4653.0,1.0,0.2149151085321298,0.1946742048306423,0.7936,0.7722,0.7265,0.7963
27109001000,0.7428,4966.0,2.0,0.4027386226339106,0.33842648485783455,0.7508,0.7956,0.7025,0.5017
27109001100,0.6112,3386.0,1.0,0.29533372711163614,0.25876836628475286,0.5765,0.4329,0.571,0.7114
27109001301,0.493,4583.0,0.0,0.0,0.0,0.326,0.1082,0.6991,0.8864
27123042401,0.8517,6308.0,0.0,0.0,0.0,0.6774,0.8657,0.9226,0.841
27123042402,0.7976,6241.0,0.0,0.0,0.0,0.5564,0.8798,0.8452,0.8223
27123042501,0.7969,5918.0,0.0,0.0,0.0,0.648,0.652,0.8726,0.8791
27123042601,0.8484,4686.0,0.0,0.0,0.0,0.6747,0.9205,0.8779,0.7796
27109001302,0.3367,5034.0,0.0,0.0,0.0,0.2184,0.6192,0.5557,0.2953
27109001401,0.8998,5360.0,1.0,0.1865671641791045,0.17106440226932018,0.9479,0.6927,0.9039,0.7849
27109001501,0.4422,2950.0,0.0,0.0,0.0,0.2872,0.7415,0.7418,0.3454
27109001502,0.1957,2733.0,0.0,0.0,0.0,0.1276,0.2532,0.5977,0.2505
27109001503,0.2278,2540.0,0.0,0.0,0.0,0.316,0.354,0.5297,0.1075
27037060604,0.2411,3086.0,0.0,0.0,0.0,0.0501,0.4188,0.4109,0.4736
27037060709,0.7983,5975.0,0.0,0.0,0.0,0.9292,0.5257,0.8652,0.481
